Order Number,Toothbrush Type,Order Date,Customer Age,Order Quantity,Delivery Postcode,Billing Postcode,is_first,Dispatch Status,Dispatched Date,Delivery Status,Delivery Date
BRU00010961,Toothbrush 2000,2022-12-01 22:40:17.435812000,62,9,CF43%204BG,HD2 1TB,1,Order Received,2022-12-01 22:52:18.389531200,,
BRU00011111,Toothbrush 2000,2022-12-02 04:47:22.138402400,84,5,BA20%202SX,BS22 8FB,1,Order Confirmed,2022-12-02 05:52:52.472483600,,
BRU00011720,Toothbrush 4000,2022-12-02 10:32:12.162532000,29,9,EX32%208BN,B33 9LR,1,Order Received,2022-12-02 10:44:11.883564400,,
BRU00010859,Toothbrush 4000,2022-12-01 22:13:21.861893599,27,1,HA4%206UB,DA11 0AW,1,Order Confirmed,2022-12-01 23:12:00.868906399,,
BRU00011766,Toothbrush 2000,2022-12-01 19:37:25.149392800,83,9,CM15%208RU,G75 8JZ,1,Order Confirmed,2022-12-01 20:53:30.459599200,,
BRU00011742,Toothbrush 4000,2022-12-02 19:59:04.344723199,29,8,HR6%208BQ,CT16 1HR,1,Order Received,2022-12-02 20:10:40.223365999,,
BRU00011448,Toothbrush 2000,2022-12-02 11:14:43.392552400,76,8,EN6%202LX,BB1 2QY,1,Order Confirmed,2022-12-02 12:34:53.599292800,,
BRU00011577,Toothbrush 4000,2022-12-02 01:57:54.518154800,25,1,BB4%208TX,GU6 8TQ,1,Order Confirmed,2022-12-02 02:59:45.137406800,,
BRU00011567,Toothbrush 2000,2022-12-02 05:10:00.453906800,59,1,CF11%201TQ,CV32 5FL,1,Order Confirmed,2022-12-02 06:13:44.063385200,,
BRU00011692,Toothbrush 2000,2022-12-01 22:53:44.028472800,76,9,BB2%206HJ,B76 1GB,1,Order Received,2022-12-01 23:05:37.723609200,,
BRU00011399,Toothbrush 4000,2022-12-02 17:44:18.640008399,32,6,BN50%208AR,CH42 1QL,1,Order Received,2022-12-02 17:55:22.513023999,,
BRU00011669,Toothbrush 4000,2022-12-02 03:12:21.856456400,17,8,EX16%206SN,G71 7DN,1,Order Confirmed,2022-12-02 04:14:26.036678000,,
BRU00011632,Toothbrush 2000,2022-12-02 06:54:19.823052000,74,7,B15%203HG,HS7 5LF,1,Order Received,2022-12-02 07:06:25.266633600,,
BRU00011154,Toothbrush 2000,2022-12-02 01:05:25.311235599,57,3,BN20%207RB,BA2 0DX,1,Order Received,2022-12-02 01:17:14.375954799,,
BRU00011553,Toothbrush 4000,2022-12-02 01:23:20.763163200,21,6,DN3%202HT,CH62 1AE,1,Order Confirmed,2022-12-02 02:25:28.371027600,,
BRU00011204,Toothbrush 2000,2022-12-01 21:08:31.512869600,71,4,DY3%202AW,CA7 8JF,1,Order Received,2022-12-01 21:20:57.917152400,,
BRU00011759,Toothbrush 4000,2022-12-02 20:47:38.393522400,37,5,DG11%203AX,BR1 3QZ,1,Order Received,2022-12-02 20:59:58.032012000,,
BRU00010900,Toothbrush 4000,2022-12-02 11:49:25.914645600,30,6,GL7%201ED,FY2 9PF,1,Order Confirmed,2022-12-02 13:00:39.888246000,,
BRU00011260,Toothbrush 2000,2022-12-01 16:37:17.212119600,105,6,CF5%205HE,BA3 2UJ,1,Order Confirmed,2022-12-01 17:39:41.796450000,,
BRU00010881,Toothbrush 2000,2022-12-02 00:56:22.339846000,56,7,BD19%206LB,CH65 4BY,1,Order Confirmed,2022-12-02 02:14:43.130130400,,
BRU00011202,Toothbrush 4000,2022-12-01 20:46:52.483016400,23,5,AL1%203LH,CH42 1QN,1,Order Confirmed,2022-12-01 21:43:10.705952400,,
BRU00011530,Toothbrush 4000,2022-12-02 15:18:44.817087600,10,6,G20%200DF,BB18 6PF,1,Order Received,2022-12-02 15:30:09.566917200,,
BRU00011748,Toothbrush 2000,2022-12-01 22:21:25.098019200,95,7,GU24%209EG,BN5 9YU,1,Order Received,2022-12-01 22:34:22.668996000,,
BRU00011518,Toothbrush 4000,2022-12-02 00:56:56.599729200,22,3,BD16%203FA,GL17 9JP,1,Order Confirmed,2022-12-02 01:44:45.986857200,,
BRU00011563,Toothbrush 4000,2022-12-02 03:47:00.418492400,30,1,CO16%209HU,CH1 5JG,1,Order Received,2022-12-02 03:59:22.471379600,,
BRU00011415,Toothbrush 4000,2022-12-02 00:49:00.082157200,26,1,G72%209QL,CM9 6ER,1,Order Confirmed,2022-12-02 01:57:48.971826400,,
BRU00011646,Toothbrush 4000,2022-12-02 11:30:07.670778800,39,4,B62%208AP,BN9 9FB,1,Order Received,2022-12-02 11:42:42.722913200,,
BRU00010875,Toothbrush 4000,2022-12-02 04:56:08.823112400,29,1,DY9%207LA,DL5 5AX,1,Order Confirmed,2022-12-02 05:48:48.788790800,,
BRU00011251,Toothbrush 4000,2022-12-02 07:21:49.180034800,16,2,BN16%203JH,GL1 4DF,1,Order Confirmed,2022-12-02 08:28:47.949149200,,
BRU00011295,Toothbrush 2000,2022-12-01 21:21:12.027077600,68,7,E1W%209RT,G31 2TN,1,Order Confirmed,2022-12-01 22:22:19.104380000,,
BRU00011167,Toothbrush 4000,2022-12-02 07:06:32.628430400,27,6,B44%208ED,BS8 4HD,1,Order Received,2022-12-02 07:19:08.680943600,,
BRU00010829,Toothbrush 4000,2022-12-02 01:08:28.314069200,19,9,DL16%206UL,CF5 3PT,1,Order Received,2022-12-02 01:19:46.693839200,,
BRU00011336,Toothbrush 2000,2022-12-01 16:42:48.556548400,72,5,EX16%208LG,EC2Y 8BA,1,Order Received,2022-12-01 16:54:33.109589200,,
BRU00011026,Toothbrush 4000,2022-12-02 01:10:57.460164400,38,3,G5%200PJ,HU16 4DF,1,Order Confirmed,2022-12-02 02:04:37.012322800,,
BRU00011056,Toothbrush 2000,2022-12-02 08:02:59.106053600,44,5,BB2%201QD,CV3 3HU,1,Order Received,2022-12-02 08:14:15.441578000,,
BRU00011344,Toothbrush 2000,2022-12-02 11:18:05.557759600,95,5,CW8%202PL,DY1 4NN,1,Order Received,2022-12-02 11:31:04.934914000,,
BRU00011175,Toothbrush 2000,2022-12-01 14:53:39.127059200,72,6,FK3%208AE,GL56 0UU,1,Order Confirmed,2022-12-01 16:25:30.333870800,,
BRU00011267,Toothbrush 2000,2022-12-01 20:58:09.110995200,70,8,DL17%200LA,FK15 9FG,1,Order Confirmed,2022-12-01 21:49:32.837616000,,
BRU00011477,Toothbrush 2000,2022-12-01 17:08:06.286345200,55,1,G33%201LZ,DG12 6BB,1,Order Confirmed,2022-12-01 18:10:44.546589600,,
BRU00011546,Toothbrush 4000,2022-12-02 07:47:21.721536800,16,2,B48%207SU,BB9 7QJ,1,Order Received,2022-12-02 08:00:01.466483600,,
BRU00011100,Toothbrush 4000,2022-12-02 11:36:49.787670800,32,8,BH15%203BJ,CT19 6JD,1,Order Received,2022-12-02 11:48:45.128802800,,
BRU00011400,Toothbrush 2000,2022-12-02 01:36:49.420705200,71,4,HP2%206HT,AB34 5EG,1,Order Confirmed,2022-12-02 02:34:47.748128400,,
BRU00011184,Toothbrush 2000,2022-12-02 07:24:24.781747200,89,9,BD23%204HE,BR3 4JX,1,Order Confirmed,2022-12-02 08:37:31.045798800,,
BRU00011317,Toothbrush 4000,2022-12-01 20:54:23.318105600,27,6,FY2%209NA,CB1 0HX,1,Order Received,2022-12-01 21:06:36.459002000,,
BRU00011257,Toothbrush 4000,2022-12-02 13:19:02.140745600,21,3,CV12%209LQ,HX3 8HY,1,Order Confirmed,2022-12-02 14:20:59.455288400,,
BRU00011522,Toothbrush 4000,2022-12-01 19:05:39.707742800,15,8,DD3%207BE,CV11 4AU,1,Order Confirmed,2022-12-01 19:50:24.657348800,,
BRU00011545,Toothbrush 2000,2022-12-01 10:28:20.640603200,74,8,CM7%205GX,DH2 1PE,1,Order Confirmed,2022-12-01 12:05:41.529950000,,
BRU00011203,Toothbrush 4000,2022-12-02 00:11:24.664627600,17,8,BS31%201GS,CO4 0JX,1,Order Received,2022-12-02 00:22:57.482600800,,
BRU00011741,Toothbrush 4000,2022-12-01 17:20:44.072973200,14,6,BD21%204AH,IG7 4FE,1,Order Confirmed,2022-12-01 18:22:16.767335600,,
BRU00011776,Toothbrush 4000,2022-12-01 19:01:51.849134000,39,6,B91%203UX,DH1 3AZ,1,Order Received,2022-12-01 19:13:11.456280800,,
BRU00011392,Toothbrush 2000,2022-12-02 08:51:42.169676400,57,3,DH9%200EL,BL3 3AF,1,Order Received,2022-12-02 09:03:21.974508000,,
BRU00010864,Toothbrush 2000,2022-12-02 02:54:34.596147200,69,3,CF31%202JZ,CF44 6YP,1,Order Confirmed,2022-12-02 04:02:12.448154000,,
BRU00010827,Toothbrush 2000,2022-12-01 18:04:14.282564800,70,2,B98%208JF,EH12 9AN,1,Order Confirmed,2022-12-01 19:25:06.854119600,,
BRU00011711,Toothbrush 4000,2022-12-02 12:35:13.750663200,26,3,HP18%209FF,BB4 5UD,1,Order Confirmed,2022-12-02 13:10:46.652833200,,
BRU00011782,Toothbrush 2000,2022-12-01 14:43:18.350383200,67,6,DN31%203AT,EH54 5BH,1,Order Confirmed,2022-12-01 15:31:11.625954000,,
BRU00011718,Toothbrush 2000,2022-12-02 01:15:41.557487999,77,8,EX4%204JR,CO4 5AT,1,Order Received,2022-12-02 01:27:25.152590399,,
BRU00010912,Toothbrush 4000,2022-12-02 20:45:52.931123200,15,2,DT1%201RY,BH21 2DF,1,Order Received,2022-12-02 20:57:39.248826400,,
BRU00011659,Toothbrush 2000,2022-12-01 10:40:48.996447600,64,8,BL1%206BS,CM3 8BH,1,Order Received,2022-12-01 10:52:22.936382400,,
BRU00011584,Toothbrush 4000,2022-12-02 23:10:34.902472800,10,6,CM21%200RL,IP27 9GL,1,Order Received,2022-12-02 23:23:22.562494800,,
BRU00011636,Toothbrush 4000,2022-12-02 11:18:50.011262000,31,6,G33%201AY,B27 6NT,1,Order Received,2022-12-02 11:30:11.976880400,,
BRU00011361,Toothbrush 4000,2022-12-02 10:37:39.167460400,16,4,CO11%201ST,G53 5SR,1,Order Received,2022-12-02 10:50:29.910047200,,
BRU00011327,Toothbrush 4000,2022-12-01 21:46:04.638328400,24,1,CH65%209DX,IM2 3LA,1,Order Received,2022-12-01 21:58:39.202367600,,
BRU00010845,Toothbrush 2000,2022-12-01 14:14:57.070103200,59,9,E14%209TA,HR1 9ST,1,Order Received,2022-12-01 14:26:38.414125600,,
BRU00010982,Toothbrush 4000,2022-12-01 21:46:17.214948800,52,7,DY13%208AB,CO7 6RD,1,Order Confirmed,2022-12-01 22:44:58.105632800,,
BRU00010886,Toothbrush 4000,2022-12-02 01:25:52.072606400,26,6,AB44%201PR,CF64 2RT,1,Order Received,2022-12-02 01:36:49.972466000,,
BRU00011094,Toothbrush 2000,2022-12-01 21:59:45.162043200,66,9,IP25%207GA,CM2 9HP,1,Order Received,2022-12-01 22:11:53.965029600,,
BRU00011082,Toothbrush 2000,2022-12-01 21:31:59.011750000,90,1,BB10%202EZ,DE1 3ND,1,Order Received,2022-12-01 21:43:39.840457600,,
BRU00010950,Toothbrush 4000,2022-12-02 07:20:00.804187600,19,9,BS15%204DX,BD22 8FD,1,Order Confirmed,2022-12-02 08:19:35.446500400,,
BRU00011305,Toothbrush 2000,2022-12-01 11:59:56.946969200,94,1,BR4%209JE,FK2 0GQ,1,Order Received,2022-12-01 12:12:06.054926000,,
BRU00011325,Toothbrush 4000,2022-12-02 14:57:51.740176399,27,3,GU15%202SA,BB7 4AY,1,Order Received,2022-12-02 15:10:26.992866799,,
BRU00011015,Toothbrush 2000,2022-12-02 03:19:11.425032400,90,3,G51%202HF,BN1 4JU,1,Order Confirmed,2022-12-02 04:15:13.236018400,,
BRU00011097,Toothbrush 4000,2022-12-02 05:21:52.205012000,25,8,HG1%202JL,CT4 6DB,1,Order Confirmed,2022-12-02 06:12:27.784844000,,
BRU00010892,Toothbrush 2000,2022-12-02 14:19:22.187220400,75,1,E6%202BA,DL13 5AN,1,Order Received,2022-12-02 14:32:12.671485600,,
BRU00010904,Toothbrush 2000,2022-12-01 22:27:11.284619200,85,8,EN7%205LA,BH20 4NW,1,Order Received,2022-12-01 22:38:12.884148400,,
BRU00011390,Toothbrush 4000,2022-12-01 10:06:20.416741600,31,7,CR2%208QQ,EX5 1AY,1,Order Received,2022-12-01 10:18:22.167400000,,
BRU00011712,Toothbrush 2000,2022-12-01 10:32:08.063455200,59,2,CH41%202SX,G72 0TX,1,Order Received,2022-12-01 10:43:56.576737200,,
BRU00011665,Toothbrush 4000,2022-12-02 08:49:45.688756000,38,3,HP20%201QE,BD16 1QD,1,Order Confirmed,2022-12-02 09:55:02.117336800,,
BRU00011141,Toothbrush 2000,2022-12-01 15:44:08.675261600,62,4,CH66%203PP,DE45 1FD,1,Order Confirmed,2022-12-01 16:51:42.538288400,,
BRU00010987,Toothbrush 4000,2022-12-01 23:02:37.529069200,6,3,DE12%207AX,DY9 9AJ,1,Order Confirmed,2022-12-02 00:28:07.726316800,,
BRU00011211,Toothbrush 4000,2022-12-02 14:10:18.525064400,10,3,BD1%201NN,BS2 8HX,1,Order Received,2022-12-02 14:21:34.049559200,,
BRU00011284,Toothbrush 4000,2022-12-02 14:49:30.810700400,5,6,DE7%209LD,DA15 8WH,1,Order Received,2022-12-02 15:01:55.435251200,,
BRU00011751,Toothbrush 4000,2022-12-02 09:26:23.141011600,21,8,BN2%209XR,B66 4DJ,1,Order Confirmed,2022-12-02 10:48:20.741425600,,
BRU00011122,Toothbrush 4000,2022-12-02 15:49:14.780159200,23,2,CO11%202ND,G64 3NR,1,Order Received,2022-12-02 16:00:29.217007600,,
BRU00011160,Toothbrush 2000,2022-12-02 09:32:42.184061200,79,9,B45%209ES,G64 1RX,1,Order Received,2022-12-02 09:45:17.969803600,,
BRU00011227,Toothbrush 4000,2022-12-02 14:37:29.976486000,14,9,CM20%203RQ,FY7 7AB,1,Order Confirmed,2022-12-02 15:42:17.660553600,,
BRU00011245,Toothbrush 2000,2022-12-02 15:33:12.738494400,66,9,DH7%200QA,DE74 2QH,1,Order Received,2022-12-02 15:44:48.210996000,,
BRU00011535,Toothbrush 2000,2022-12-01 13:43:34.716805600,90,8,BH22%209AX,CH34 9TJ,1,Order Confirmed,2022-12-01 15:08:56.298666400,,
BRU00011299,Toothbrush 2000,2022-12-01 22:32:45.085141600,79,9,CM23%203WB,BD1 2RW,1,Order Received,2022-12-01 22:45:24.606496000,,
BRU00011098,Toothbrush 2000,2022-12-02 02:14:18.866079200,68,5,BN18%200PN,AB42 4PF,1,Order Confirmed,2022-12-02 03:07:14.188025600,,
BRU00010997,Toothbrush 2000,2022-12-01 19:25:49.222358400,82,9,B29%206JB,BA4 6HE,1,Order Received,2022-12-01 19:38:10.793367600,,
BRU00011707,Toothbrush 4000,2022-12-01 23:33:20.334165599,11,6,BN9%200BU,CH48 0QP,1,Order Confirmed,2022-12-02 00:22:15.911966399,,
BRU00011672,Toothbrush 2000,2022-12-02 00:12:33.160874400,77,9,G78%204AH,DY8 5HX,1,Order Received,2022-12-02 00:23:37.004298000,,
BRU00010863,Toothbrush 4000,2022-12-01 18:18:24.373709600,30,9,G83%208LT,CT19 4PS,1,Order Received,2022-12-01 18:30:12.857864000,,
BRU00011003,Toothbrush 4000,2022-12-02 08:05:40.358618400,11,2,CB22%204PY,CO9 2BA,1,Order Received,2022-12-02 08:17:34.494632400,,
BRU00011753,Toothbrush 2000,2022-12-01 13:34:38.235567599,77,5,HU6%208BX,BR2 7BE,1,Order Confirmed,2022-12-01 14:53:16.121078399,,
BRU00011758,Toothbrush 2000,2022-12-02 08:53:33.687320000,69,4,IP23%207PT,DY4 0BH,1,Order Confirmed,2022-12-02 09:52:26.490882800,,
BRU00011118,Toothbrush 2000,2022-12-01 12:58:02.590765600,76,6,DN35%200SJ,E10 7QG,1,Order Confirmed,2022-12-01 13:52:10.020870400,,
BRU00010874,Toothbrush 4000,2022-12-02 04:52:15.008411200,37,6,DE24%203JL,DH7 0SS,1,Order Confirmed,2022-12-02 05:53:37.001964400,,
BRU00010927,Toothbrush 4000,2022-12-02 07:09:11.660597600,31,4,HU4%207DX,GL15 5BX,1,Order Received,2022-12-02 07:21:22.923834800,,
BRU00011511,Toothbrush 4000,2022-12-01 22:15:30.626001599,30,4,DN12%201AB,AB11 5DN,1,Order Received,2022-12-01 22:26:51.842927999,,
BRU00011032,Toothbrush 4000,2022-12-02 22:00:45.341300400,35,9,BH1%204DB,E16 2RG,1,Order Received,2022-12-02 22:13:10.166108400,,
BRU00011352,Toothbrush 2000,2022-12-02 00:04:38.646982000,74,8,CF64%204LN,BS20 7EX,1,Order Received,2022-12-02 00:17:52.065493600,,
BRU00010981,Toothbrush 2000,2022-12-01 19:25:32.473464000,86,7,CH60%202TN,FY2 0HH,1,Order Received,2022-12-01 19:38:07.764339600,,
BRU00011624,Toothbrush 4000,2022-12-02 14:08:47.817332400,20,7,CH4%207FD,CV32 7SJ,1,Order Received,2022-12-02 14:19:41.591440800,,
BRU00010848,Toothbrush 4000,2022-12-02 04:57:49.646832800,19,7,BN41%202TF,AB43 6UG,1,Order Confirmed,2022-12-02 05:57:17.491316000,,
BRU00011134,Toothbrush 2000,2022-12-01 22:17:46.245020400,75,2,BS15%201XS,G72 0HT,1,Order Received,2022-12-01 22:29:06.822684000,,
BRU00011663,Toothbrush 4000,2022-12-02 00:25:09.808685200,2,5,CO10%208UB,CB21 4HH,1,Order Confirmed,2022-12-02 01:47:17.321652400,,
BRU00011387,Toothbrush 4000,2022-12-01 22:53:46.288441200,35,7,BR6%209ED,CT11 9RH,1,Order Confirmed,2022-12-01 23:36:23.589715200,,
BRU00011430,Toothbrush 4000,2022-12-02 09:10:56.034871600,16,4,G51%204PA,DA8 1PQ,1,Order Received,2022-12-02 09:23:05.014585600,,
BRU00011521,Toothbrush 4000,2022-12-02 12:58:46.636863600,10,2,BN11%203NL,G20 0TW,1,Order Confirmed,2022-12-02 14:21:05.464738800,,
BRU00011091,Toothbrush 4000,2022-12-01 22:02:38.343483200,13,1,CH2%204DZ,G43 2BX,1,Order Received,2022-12-01 22:14:26.086142000,,
BRU00011152,Toothbrush 4000,2022-12-01 19:26:52.801010000,38,5,IP18%206HA,IG9 5AE,1,Order Confirmed,2022-12-01 20:27:32.679984800,,
BRU00011562,Toothbrush 2000,2022-12-02 08:24:59.650184000,75,8,BS16%203YF,DG11 2DF,1,Order Received,2022-12-02 08:36:26.786900000,,
BRU00011606,Toothbrush 4000,2022-12-02 10:41:26.935816400,25,8,GL12%208DA,CF32 9YT,1,Order Confirmed,2022-12-02 11:42:36.146036000,,
BRU00011404,Toothbrush 4000,2022-12-02 14:02:38.671930400,33,2,G52%203QG,HA0 3EW,1,Order Received,2022-12-02 14:15:06.196835600,,
BRU00010888,Toothbrush 2000,2022-12-02 07:52:59.312667200,75,4,DA7%204LR,IP18 6DT,1,Order Received,2022-12-02 08:05:03.242909600,,
BRU00011729,Toothbrush 2000,2022-12-01 17:13:43.640510000,68,3,AB55%204ED,DN6 8SP,1,Order Received,2022-12-01 17:25:42.761901200,,
BRU00011599,Toothbrush 4000,2022-12-01 23:10:00.683638800,11,2,CR4%202HF,B16 0PU,1,Order Received,2022-12-01 23:22:16.698966000,,
BRU00011539,Toothbrush 4000,2022-12-02 00:51:53.245047999,9,1,FK2%207YS,CF48 3PH,1,Order Received,2022-12-02 01:04:10.360999599,,
BRU00010952,Toothbrush 4000,2022-12-01 21:56:18.472604400,21,1,CF14%204JY,BD13 3HJ,1,Order Confirmed,2022-12-01 23:05:35.826994800,,
BRU00010869,Toothbrush 2000,2022-12-02 04:47:33.213548400,76,4,CB7%205EH,BN1 7EJ,1,Order Received,2022-12-02 04:59:14.105360400,,
BRU00011287,Toothbrush 2000,2022-12-01 18:18:10.964784400,69,4,DH8%200SB,EN9 2DA,1,Order Received,2022-12-01 18:30:12.232553200,,
BRU00011565,Toothbrush 2000,2022-12-01 18:55:06.941269600,68,3,GL4%205GA,CW1 5SG,1,Order Confirmed,2022-12-01 19:54:49.643806000,,
BRU00011016,Toothbrush 2000,2022-12-02 07:06:08.327590800,92,8,E6%201QL,E11 3HS,1,Order Confirmed,2022-12-02 08:19:13.182786000,,
BRU00011770,Toothbrush 4000,2022-12-01 15:24:31.449703200,24,2,BS25%201BP,DD4 7PF,1,Order Received,2022-12-01 15:36:40.285615200,,
BRU00011228,Toothbrush 2000,2022-12-01 16:20:27.155255199,77,2,B33%209AW,CW11 3NB,1,Order Received,2022-12-01 16:32:38.619404799,,
BRU00010882,Toothbrush 4000,2022-12-01 16:52:37.536903600,18,4,E8%202HN,CT6 6ES,1,Order Received,2022-12-01 17:03:30.854654400,,
BRU00011002,Toothbrush 4000,2022-12-02 12:58:46.196354400,20,4,FY3%209EZ,CF24 3DD,1,Order Confirmed,2022-12-02 14:03:08.638647600,,
BRU00010836,Toothbrush 4000,2022-12-02 12:33:20.842684800,39,4,B26%203RE,CF15 7UQ,1,Order Received,2022-12-02 12:46:18.019810800,,
BRU00011493,Toothbrush 2000,2022-12-01 15:53:57.687733200,70,7,EH14%207JB,E1 4AH,1,Order Confirmed,2022-12-01 16:29:18.114077999,,
BRU00011187,Toothbrush 4000,2022-12-01 20:07:32.560096000,12,7,BN15%200LA,CV3 1LE,1,Order Confirmed,2022-12-01 20:57:02.385078400,,
BRU00011781,Toothbrush 2000,2022-12-01 22:30:27.218884000,83,7,GL52%208PG,BA20 2FD,1,Order Confirmed,2022-12-01 23:40:08.277928000,,
BRU00011716,Toothbrush 4000,2022-12-02 15:24:55.160214800,25,4,HR5%203HH,BS30 8BY,1,Order Received,2022-12-02 15:37:26.932144400,,
BRU00011555,Toothbrush 2000,2022-12-01 12:20:00.525131200,65,6,DN5%207PF,GU47 0SG,1,Order Confirmed,2022-12-01 13:34:34.831488400,,
BRU00011479,Toothbrush 4000,2022-12-02 00:49:30.555851200,18,1,BL0%209QR,DA1 5AF,1,Order Received,2022-12-02 01:01:32.675426800,,
BRU00011363,Toothbrush 2000,2022-12-02 04:14:06.496557200,85,9,CM6%202AA,AL5 5AN,1,Order Received,2022-12-02 04:27:16.397472800,,
BRU00011377,Toothbrush 4000,2022-12-02 04:18:24.741960400,20,9,HU6%200AG,B93 0BU,1,Order Confirmed,2022-12-02 05:22:19.449648400,,
BRU00011775,Toothbrush 4000,2022-12-01 20:03:09.873708800,14,5,GU27%202LP,HP22 4QZ,1,Order Received,2022-12-01 20:15:13.799498000,,
BRU00011609,Toothbrush 2000,2022-12-01 18:15:54.105540000,47,9,IG10%201TS,BN25 4WE,1,Order Received,2022-12-01 18:28:06.163009200,,
BRU00011785,Toothbrush 2000,2022-12-01 18:20:11.412522799,79,5,G41%204LB,HP2 5GG,1,Order Confirmed,2022-12-01 19:31:01.528469599,,
BRU00011668,Toothbrush 4000,2022-12-02 08:22:52.939296800,16,9,DT11%209FJ,EX38 8JE,1,Order Received,2022-12-02 08:35:53.318950400,,
BRU00011085,Toothbrush 2000,2022-12-02 07:52:14.612154000,77,9,DN34%205NL,HP19 9NE,1,Order Confirmed,2022-12-02 08:40:21.093054000,,
BRU00011452,Toothbrush 2000,2022-12-02 10:09:32.176308400,70,1,DE4%204NZ,BB10 3JQ,1,Order Received,2022-12-02 10:21:41.194459600,,
BRU00011397,Toothbrush 4000,2022-12-02 03:37:41.576673200,30,9,GU24%208AQ,GU24 8AQ,1,Order Received,2022-12-02 03:48:57.126785600,,
BRU00011697,Toothbrush 4000,2022-12-01 12:45:36.870830400,36,7,HU3%203YY,HU3 3YY,1,Order Confirmed,2022-12-01 13:26:20.316142800,,
BRU00011691,Toothbrush 4000,2022-12-02 12:16:43.120019600,16,5,IG8%207QW,IG8 7QW,1,Order Confirmed,2022-12-02 13:17:20.104814000,,
BRU00011485,Toothbrush 4000,2022-12-02 09:10:29.526580400,27,7,CV21%201AS,CV21 1AS,1,Order Confirmed,2022-12-02 10:14:16.504722800,,
BRU00011329,Toothbrush 4000,2022-12-02 10:53:54.801979200,20,5,IM1%202PF,IM1 2PF,1,Order Received,2022-12-02 11:05:06.243303600,,
BRU00011023,Toothbrush 4000,2022-12-02 03:14:20.167714000,27,6,DE22%204ES,DE22 4ES,1,Order Received,2022-12-02 03:26:30.853957600,,
BRU00011685,Toothbrush 4000,2022-12-02 07:17:56.207073600,32,9,B92%209NF,B92 9NF,1,Order Received,2022-12-02 07:29:01.433311200,,
BRU00010871,Toothbrush 2000,2022-12-02 13:59:04.918126000,72,7,CF81%208PJ,CF81 8PJ,1,Order Received,2022-12-02 14:11:18.198403600,,
BRU00011677,Toothbrush 4000,2022-12-02 11:37:39.592267200,22,6,BN43%206YP,BN43 6YP,1,Order Received,2022-12-02 11:50:57.387813600,,
BRU00011608,Toothbrush 2000,2022-12-02 02:04:15.805462000,61,5,HP21%209BS,HP21 9BS,1,Order Confirmed,2022-12-02 02:49:11.616293200,,
BRU00011419,Toothbrush 4000,2022-12-02 10:17:04.141416800,32,7,GL7%205RT,GL7 5RT,1,Order Received,2022-12-02 10:28:44.721983600,,
BRU00011385,Toothbrush 4000,2022-12-02 06:15:41.192797600,34,6,CV23%208DZ,CV23 8DZ,1,Order Confirmed,2022-12-02 07:01:11.150975200,,
BRU00011312,Toothbrush 4000,2022-12-02 09:43:56.725367600,35,7,DA3%207DP,DA3 7DP,1,Order Received,2022-12-02 09:55:50.539473200,,
BRU00010966,Toothbrush 2000,2022-12-02 10:33:37.968241600,89,4,GL50%203LX,GL50 3LX,1,Order Confirmed,2022-12-02 11:46:46.195513600,,
BRU00010849,Toothbrush 2000,2022-12-01 17:48:26.211803600,86,6,DL14%207DS,DL14 7DS,1,Order Confirmed,2022-12-01 19:04:47.476266800,,
BRU00011367,Toothbrush 4000,2022-12-02 21:24:55.111357200,9,4,DN9%201AU,DN9 1AU,1,Order Received,2022-12-02 21:36:50.509304400,,
BRU00011188,Toothbrush 2000,2022-12-01 10:25:06.272870400,76,3,CH49%202PT,CH49 2PT,1,Order Received,2022-12-01 10:36:58.758788400,,
BRU00010821,Toothbrush 4000,2022-12-02 05:40:18.587639200,25,7,CW1%205TH,CW1 5TH,1,Order Confirmed,2022-12-02 06:43:12.658313200,,
BRU00011641,Toothbrush 4000,2022-12-02 14:41:24.320998400,33,5,B17%200QB,B17 0QB,1,Order Received,2022-12-02 14:52:07.481727200,,
BRU00010832,Toothbrush 2000,2022-12-01 17:41:34.650696000,62,6,AB31%204PN,AB31 4PN,1,Order Received,2022-12-01 17:54:15.841438800,,
BRU00011020,Toothbrush 2000,2022-12-02 13:28:59.797585600,64,1,B24%200PE,B24 0PE,1,Order Confirmed,2022-12-02 14:38:37.713329200,,
BRU00011000,Toothbrush 4000,2022-12-02 04:36:35.826292400,28,7,CW12%201NY,CW12 1NY,1,Order Confirmed,2022-12-02 05:51:32.756576000,,
BRU00011715,Toothbrush 2000,2022-12-01 12:04:40.990382000,63,8,CV11%204SB,CV11 4SB,1,Order Received,2022-12-01 12:16:09.586862000,,
BRU00010819,Toothbrush 2000,2022-12-02 02:18:30.978786400,79,2,HA9%208RE,HA9 8RE,1,Order Confirmed,2022-12-02 03:18:06.670711600,,
BRU00011243,Toothbrush 4000,2022-12-02 17:25:49.098848800,33,5,CV11%206SH,CV11 6SH,1,Order Received,2022-12-02 17:38:58.993640800,,
BRU00011431,Toothbrush 4000,2022-12-01 17:08:49.282877200,32,7,CA11%208FE,CA11 8FE,1,Order Received,2022-12-01 17:21:15.957962800,,
BRU00011340,Toothbrush 4000,2022-12-02 14:37:28.412970000,37,3,EH14%201ED,EH14 1ED,1,Order Confirmed,2022-12-02 15:40:23.512718400,,
BRU00010853,Toothbrush 2000,2022-12-01 15:10:32.115221600,84,4,HR9%205JS,HR9 5JS,1,Order Confirmed,2022-12-01 16:15:26.817932000,,
BRU00010889,Toothbrush 2000,2022-12-02 03:21:21.083673600,54,5,EH48%204DE,EH48 4DE,1,Order Confirmed,2022-12-02 04:29:28.730486400,,
BRU00011120,Toothbrush 2000,2022-12-02 03:19:54.168124800,73,8,CV7%207FS,CV7 7FS,1,Order Received,2022-12-02 03:30:57.767540400,,
BRU00011760,Toothbrush 4000,2022-12-02 12:22:21.156946400,22,8,B19%201AY,B19 1AY,1,Order Confirmed,2022-12-02 13:30:32.409303200,,
BRU00011191,Toothbrush 2000,2022-12-02 06:44:36.364008000,69,4,HP3%200LP,HP3 0LP,1,Order Confirmed,2022-12-02 08:08:03.655358400,,
BRU00011226,Toothbrush 4000,2022-12-02 16:35:36.096018400,24,5,DL16%206DU,DL16 6DU,1,Order Confirmed,2022-12-02 17:25:40.611216400,,
BRU00010825,Toothbrush 2000,2022-12-01 19:00:13.132295600,63,2,DN37%209BA,DN37 9BA,1,Order Confirmed,2022-12-01 19:56:19.180071200,,
BRU00010908,Toothbrush 4000,2022-12-02 01:39:23.721564800,36,3,B71%203HU,B71 3HU,1,Order Confirmed,2022-12-02 02:30:30.342263600,,
BRU00011106,Toothbrush 4000,2022-12-02 04:59:23.385598400,22,5,BN99%208FE,BN99 8FE,1,Order Confirmed,2022-12-02 06:07:32.222564000,,
BRU00011282,Toothbrush 4000,2022-12-02 13:40:46.626035600,28,6,E7%209LB,E7 9LB,1,Order Received,2022-12-02 13:52:30.324548000,,
BRU00011326,Toothbrush 2000,2022-12-01 17:31:22.629843999,73,3,CB1%203FF,CB1 3FF,1,Order Confirmed,2022-12-01 18:36:16.112075199,,
BRU00010942,Toothbrush 2000,2022-12-01 18:49:25.833998400,74,2,DN35%207NN,DN35 7NN,1,Order Confirmed,2022-12-01 19:52:36.303637200,,
BRU00010808,Toothbrush 4000,2022-12-01 22:29:28.063096400,24,4,DE6%205HA,DE6 5HA,1,Order Confirmed,2022-12-01 23:33:58.401946400,,
BRU00011206,Toothbrush 4000,2022-12-02 00:48:42.439251200,31,5,CF5%202NZ,CF5 2NZ,1,Order Confirmed,2022-12-02 01:56:15.312393200,,
BRU00011595,Toothbrush 2000,2022-12-01 14:51:18.373572400,78,6,CF5%203AF,CF5 3AF,1,Order Confirmed,2022-12-01 15:45:50.256011200,,
BRU00011607,Toothbrush 4000,2022-12-02 02:59:59.290030400,27,5,BS9%202RX,BS9 2RX,1,Order Received,2022-12-02 03:12:52.200735200,,
BRU00011165,Toothbrush 4000,2022-12-02 05:15:12.307361600,30,9,CV11%206NT,CV11 6NT,1,Order Received,2022-12-02 05:27:33.638067200,,
BRU00011342,Toothbrush 4000,2022-12-02 09:07:30.287653600,14,3,EX12%202XN,EX12 2XN,1,Order Received,2022-12-02 09:19:40.143838000,,
BRU00011722,Toothbrush 4000,2022-12-02 15:08:27.954167200,40,9,HU7%204HU,HU7 4HU,1,Order Received,2022-12-02 15:20:13.036786000,,
BRU00011043,Toothbrush 2000,2022-12-01 17:36:33.239351600,73,7,CF62%209TR,CF62 9TR,1,Order Confirmed,2022-12-01 18:28:04.338873200,,
BRU00010911,Toothbrush 2000,2022-12-01 18:00:47.504289200,38,6,EH32%200RF,EH32 0RF,1,Order Received,2022-12-01 18:11:59.849735600,,
BRU00011060,Toothbrush 2000,2022-12-02 04:10:08.121346800,89,7,EH10%204PG,EH10 4PG,1,Order Received,2022-12-02 04:23:03.556303200,,
BRU00010898,Toothbrush 2000,2022-12-01 23:29:01.843357600,55,8,hd62ph,hd62ph,1,Order Received,2022-12-01 23:41:07.370286400,,
BRU00010984,Toothbrush 2000,2022-12-02 10:43:08.197138800,47,4,fy78nx,fy78nx,1,Order Confirmed,2022-12-02 11:27:06.052585200,,
BRU00011650,Toothbrush 2000,2022-12-02 04:44:29.563254000,68,1,ig110fn,ig110fn,1,Order Confirmed,2022-12-02 05:50:16.939191600,,
BRU00010901,Toothbrush 2000,2022-12-01 20:05:22.997211200,68,6,bs67th,bs67th,1,Order Received,2022-12-01 20:17:09.585008000,,
BRU00011319,Toothbrush 4000,2022-12-02 00:43:32.168474400,12,7,b774df,b774df,1,Order Confirmed,2022-12-02 01:53:37.440934800,,
BRU00011063,Toothbrush 2000,2022-12-01 22:51:31.537794000,56,4,g783qr,g783qr,1,Order Received,2022-12-01 23:03:13.231012800,,
BRU00011644,Toothbrush 2000,2022-12-02 01:15:27.749448400,71,5,ab561xf,ab561xf,1,Order Received,2022-12-02 01:27:29.297581600,,
BRU00010809,Toothbrush 2000,2022-12-02 13:25:07.391550000,83,4,hg58nl,hg58nl,1,Order Received,2022-12-02 13:36:58.374770400,,
BRU00011138,Toothbrush 4000,2022-12-02 15:30:29.278938800,29,4,cb87hj,cb87hj,1,Order Confirmed,2022-12-02 16:35:10.861589600,,
BRU00011209,Toothbrush 2000,2022-12-01 16:50:35.794949600,86,4,co79jn,co79jn,1,Order Confirmed,2022-12-01 17:59:03.772766000,,
BRU00011591,Toothbrush 2000,2022-12-02 09:24:50.837643600,66,3,cv349js,cv349js,1,Order Confirmed,2022-12-02 11:12:03.786079200,,
BRU00011492,Toothbrush 4000,2022-12-02 04:43:42.830636000,29,1,gl530er,gl530er,1,Order Confirmed,2022-12-02 05:29:15.847496000,,
BRU00011635,Toothbrush 2000,2022-12-02 08:54:21.041794799,87,9,ab169un,ab169un,1,Order Confirmed,2022-12-02 09:58:04.796972399,,
BRU00011428,Toothbrush 4000,2022-12-02 13:25:10.615796800,16,8,g209ax,g209ax,1,Order Received,2022-12-02 13:36:26.152031200,,
BRU00011690,Toothbrush 2000,2022-12-02 05:49:18.630099200,76,3,dt83lw,dt83lw,1,Order Confirmed,2022-12-02 06:34:01.889926400,,
BRU00011066,Toothbrush 2000,2022-12-01 10:56:40.547241200,66,6,ca287qp,ca287qp,1,Order Confirmed,2022-12-01 12:01:49.142895200,,
BRU00011153,Toothbrush 4000,2022-12-02 13:30:41.640769200,13,8,eh288aa,eh288aa,1,Order Confirmed,2022-12-02 14:27:51.035714400,,
BRU00011236,Toothbrush 4000,2022-12-02 09:29:17.308842800,7,7,hu164af,hu164af,1,Order Confirmed,2022-12-02 10:29:42.281974400,,
BRU00011670,Toothbrush 2000,2022-12-02 04:40:32.255856400,75,4,de139pn,de139pn,1,Order Received,2022-12-02 04:51:12.354079600,,
BRU00011142,Toothbrush 2000,2022-12-02 00:40:38.280444800,68,7,bd231ng,bd231ng,1,Order Received,2022-12-02 00:53:21.163050800,,
BRU00011010,Toothbrush 2000,2022-12-01 05:42:46.254528000,73,6,cw74dq,cw74dq,1,Order Received,2022-12-01 05:54:41.136645600,,
BRU00011288,Toothbrush 2000,2022-12-01 18:58:01.038668800,68,7,g664sp,g664sp,1,Order Confirmed,2022-12-01 20:17:20.948552800,,
BRU00011445,Toothbrush 4000,2022-12-02 05:23:08.994876000,31,2,dy138tb,dy138tb,1,Order Received,2022-12-02 05:34:49.064214000,,
BRU00011667,Toothbrush 2000,2022-12-02 11:19:58.130239600,61,6,bb55rl,bb55rl,1,Order Received,2022-12-02 11:31:41.404373200,,
BRU00011009,Toothbrush 4000,2022-12-02 19:14:55.053304399,29,4,cm13dq,cm13dq,1,Order Confirmed,2022-12-02 20:07:22.948056799,,
BRU00010993,Toothbrush 2000,2022-12-02 01:07:30.138136000,96,1,hu87rx,hu87rx,1,Order Confirmed,2022-12-02 02:19:10.097339200,,
BRU00011192,Toothbrush 2000,2022-12-02 05:42:33.822719600,66,4,hp135sg,hp135sg,1,Order Confirmed,2022-12-02 06:42:08.024496800,,
BRU00011756,Toothbrush 2000,2022-12-01 11:16:03.630728400,51,7,hx62ph,hx62ph,1,Order Received,2022-12-01 11:27:23.007133200,,
BRU00010940,Toothbrush 4000,2022-12-02 11:24:25.244879599,35,1,eh414be,eh414be,1,Order Received,2022-12-02 11:35:46.187478799,,
BRU00011131,Toothbrush 4000,2022-12-02 18:57:08.476818800,30,5,hd80ad,hd80ad,1,Order Received,2022-12-02 19:08:44.563203200,,
BRU00011698,Toothbrush 2000,2022-12-02 00:21:25.758095200,88,7,ex393np,ex393np,1,Order Received,2022-12-02 00:33:45.629256400,,
BRU00010826,Toothbrush 4000,2022-12-01 19:15:31.016251200,26,8,b46ey,b46ey,1,Order Confirmed,2022-12-01 20:32:41.088279600,,
BRU00011603,Toothbrush 4000,2022-12-01 19:34:40.422673200,25,2,dn173ll,dn173ll,1,Order Received,2022-12-01 19:47:05.296999200,,
BRU00010891,Toothbrush 2000,2022-12-01 22:41:02.781050000,75,6,bb15sb,bb15sb,1,Order Received,2022-12-01 22:52:28.328747600,,
BRU00011473,Toothbrush 4000,2022-12-02 11:51:44.984548800,26,7,gl32pl,gl32pl,1,Order Confirmed,2022-12-02 12:46:02.560346400,,
BRU00010992,Toothbrush 2000,2022-12-02 10:25:25.846092400,82,1,hu170az,hu170az,1,Order Received,2022-12-02 10:37:54.362257600,,
BRU00011764,Toothbrush 2000,2022-12-02 03:03:39.276277600,58,3,g742ld,g742ld,1,Order Received,2022-12-02 03:15:22.153172800,,
BRU00011170,Toothbrush 2000,2022-12-02 01:15:57.457682800,76,3,b100dp,b100dp,1,Order Received,2022-12-02 01:28:03.467454400,,
BRU00011221,Toothbrush 2000,2022-12-01 18:40:50.107492000,77,5,cf374at,cf374at,1,Order Confirmed,2022-12-01 19:40:25.383674800,,
BRU00011750,Toothbrush 2000,2022-12-01 08:13:08.040805600,75,1,g614qn,g614qn,1,Order Confirmed,2022-12-01 09:07:00.094046800,,
BRU00011039,Toothbrush 2000,2022-12-02 02:18:56.083060000,56,2,cw28qn,cw28qn,1,Order Received,2022-12-02 02:31:05.112126400,,
BRU00010921,Toothbrush 2000,2022-12-02 08:15:42.535432000,84,2,dd47bd,dd47bd,1,Order Received,2022-12-02 08:27:01.090662400,,
BRU00010937,Toothbrush 2000,2022-12-02 08:06:57.284765200,73,2,ch53bx,ch53bx,1,Order Confirmed,2022-12-02 08:57:32.062920400,,
BRU00011425,Toothbrush 4000,2022-12-02 03:46:40.976404000,39,5,g760na,g760na,1,Order Confirmed,2022-12-02 04:31:58.404662800,,
BRU00011214,Toothbrush 2000,2022-12-01 13:15:48.471887600,74,4,bs43jz,bs43jz,1,Order Received,2022-12-01 13:27:03.120977600,,
BRU00011250,Toothbrush 2000,2022-12-01 19:56:30.279448400,51,5,dy117sa,dy117sa,1,Order Received,2022-12-01 20:08:26.046701600,,
BRU00011592,Toothbrush 4000,2022-12-02 04:28:30.915929600,12,3,cb215ns,cb215ns,1,Order Received,2022-12-02 04:41:26.881464800,,
BRU00011647,Toothbrush 2000,2022-12-01 18:00:57.166922400,75,1,ba13lr,ba13lr,1,Order Received,2022-12-01 18:13:33.849468000,,
BRU00011368,Toothbrush 4000,2022-12-01 23:34:11.509244800,35,6,cf242qa,cf242qa,1,Order Received,2022-12-01 23:47:08.932805200,,
BRU00011571,Toothbrush 4000,2022-12-02 00:48:55.501420800,32,8,ca117ph,ca117ph,1,Order Confirmed,2022-12-02 01:40:47.756212800,,
BRU00011589,Toothbrush 2000,2022-12-01 18:40:58.738473200,60,4,cb89ep,cb89ep,1,Order Received,2022-12-01 18:53:13.451525600,,
BRU00011767,Toothbrush 2000,2022-12-02 04:05:51.999480400,80,7,b114ar,b114ar,1,Order Received,2022-12-02 04:17:07.244046400,,
BRU00011157,Toothbrush 4000,2022-12-01 23:01:38.599870800,23,6,ba16pd,ba16pd,1,Order Received,2022-12-01 23:13:33.531682800,,
BRU00011031,Toothbrush 2000,2022-12-02 01:01:27.779672800,68,8,bh25rt,bh25rt,1,Order Confirmed,2022-12-02 02:04:48.254291200,,
BRU00011197,Toothbrush 2000,2022-12-01 16:26:17.941360800,86,6,g212aa,g212aa,1,Order Received,2022-12-01 16:38:45.842905200,,
BRU00011464,Toothbrush 4000,2022-12-01 23:27:04.762783200,24,8,gu358rh,gu358rh,1,Order Received,2022-12-01 23:39:18.254409600,,
BRU00011735,Toothbrush 2000,2022-12-02 06:15:47.227871600,65,6,ca288nn,ca288nn,1,Order Confirmed,2022-12-02 07:09:31.961153600,,
BRU00011648,Toothbrush 2000,2022-12-02 05:37:45.166250400,87,9,hu95bd,hu95bd,1,Order Received,2022-12-02 05:48:53.371340400,,
BRU00011119,Toothbrush 2000,2022-12-01 18:27:24.434929200,83,2,dl23jd,dl23jd,1,Order Confirmed,2022-12-01 19:08:25.525155600,,
BRU00011265,Toothbrush 4000,2022-12-02 22:38:46.433143200,20,6,b743hd,b743hd,1,Order Confirmed,2022-12-03 00:06:20.154228000,,
BRU00011615,Toothbrush 2000,2022-12-01 21:49:42.627951600,65,4,gu513dn,gu513dn,1,Order Confirmed,2022-12-01 22:55:32.497911600,,
BRU00011283,Toothbrush 2000,2022-12-01 16:00:39.616880400,71,8,g320hl,g320hl,1,Order Received,2022-12-01 16:11:57.772006800,,
BRU00011353,Toothbrush 4000,2022-12-01 16:21:08.192848800,30,5,al14qg,al14qg,1,Order Received,2022-12-01 16:33:36.809205600,,
BRU00011570,Toothbrush 4000,2022-12-02 08:22:26.671535600,22,4,gl128ja,gl128ja,1,Order Received,2022-12-02 08:34:20.437188800,,
BRU00011112,Toothbrush 4000,2022-12-02 17:26:14.093311600,27,3,al60qf,al60qf,1,Order Confirmed,2022-12-02 18:20:49.722475600,,
BRU00010804,Toothbrush 2000,2022-12-01 21:55:48.254718000,66,4,b321ag,b321ag,1,Order Confirmed,2022-12-01 23:05:17.193480000,,
BRU00011225,Toothbrush 2000,2022-12-01 18:50:48.580687200,91,6,g734dh,g734dh,1,Order Confirmed,2022-12-01 19:54:19.537263600,,
BRU00010953,Toothbrush 4000,2022-12-02 13:46:01.313664400,27,8,bn274tl,bn274tl,1,Order Received,2022-12-02 13:58:32.902386400,,
BRU00011261,Toothbrush 2000,2022-12-02 08:50:48.791194000,93,2,ch15at,ch15at,1,Order Confirmed,2022-12-02 10:10:59.717441200,,
BRU00011168,Toothbrush 4000,2022-12-02 10:20:45.193702400,26,3,ab392hw,ab392hw,1,Order Received,2022-12-02 10:33:20.250538400,,
BRU00011732,Toothbrush 4000,2022-12-01 12:43:25.251833200,17,6,fk83th,fk83th,1,Order Confirmed,2022-12-01 13:56:25.846032400,,
BRU00011058,Toothbrush 4000,2022-12-02 14:23:28.437695600,27,2,br67ud,br67ud,1,Order Received,2022-12-02 14:36:20.308734800,,
BRU00011294,Toothbrush 2000,2022-12-01 11:50:00.542672800,71,5,g605ha,g605ha,1,Order Confirmed,2022-12-01 13:04:37.408694800,,
BRU00010954,Toothbrush 2000,2022-12-02 09:23:09.957763200,80,2,bb26eg,bb26eg,1,Order Confirmed,2022-12-02 10:22:49.290516000,,
BRU00011617,Toothbrush 2000,2022-12-01 11:28:34.510331200,84,7,dg14se,dg14se,1,Order Confirmed,2022-12-01 12:27:01.803790000,,
BRU00010828,Toothbrush 2000,2022-12-02 00:33:31.686052000,92,6,bb56lb,bb56lb,1,Order Received,2022-12-02 00:44:58.408343200,,
BRU00011600,Toothbrush 4000,2022-12-02 09:22:31.264240000,21,5,hx20lb,hx20lb,1,Order Confirmed,2022-12-02 10:18:11.366578000,,
BRU00011462,Toothbrush 4000,2022-12-01 17:49:51.193520000,31,6,gu271le,gu271le,1,Order Received,2022-12-01 18:01:51.419772800,,
BRU00011166,Toothbrush 4000,2022-12-02 12:11:49.206913200,23,2,cf447lt,cf447lt,1,Order Confirmed,2022-12-02 13:22:35.833858800,,
BRU00011702,Toothbrush 2000,2022-12-02 10:41:15.156680400,69,4,hd76js,hd76js,1,Order Confirmed,2022-12-02 11:39:55.131589200,,
BRU00010812,Toothbrush 2000,2022-12-02 03:04:28.171309200,81,1,cv357nl,cv357nl,1,Order Received,2022-12-02 03:16:28.063438800,,
BRU00011586,Toothbrush 2000,2022-12-02 02:04:44.666782800,68,1,fk29qa,fk29qa,1,Order Received,2022-12-02 02:16:24.213894000,,
BRU00010807,Toothbrush 2000,2022-12-02 05:13:44.587533600,75,1,hd47qt,hd47qt,1,Order Confirmed,2022-12-02 06:22:39.087486000,,
BRU00010926,Toothbrush 4000,2022-12-02 15:44:38.068632400,8,3,bs93ez,bs93ez,1,Order Confirmed,2022-12-02 16:35:12.167870800,,
BRU00010896,Toothbrush 2000,2022-12-01 18:52:06.190502800,78,8,ab422ws,ab422ws,1,Order Received,2022-12-01 19:03:30.585592000,,
BRU00010837,Toothbrush 4000,2022-12-02 09:34:17.943969200,31,9,ig80rr,ig80rr,1,Order Confirmed,2022-12-02 10:30:45.954984800,,
BRU00011218,Toothbrush 4000,2022-12-01 17:17:53.037398400,20,5,dd15aq,dd15aq,1,Order Confirmed,2022-12-01 18:06:08.239874400,,
BRU00011307,Toothbrush 4000,2022-12-02 06:32:00.293341600,29,5,dd48qr,dd48qr,1,Order Received,2022-12-02 06:44:58.757374000,,
BRU00011519,Toothbrush 4000,2022-12-02 02:03:38.205288400,25,3,cr52au,cr52au,1,Order Confirmed,2022-12-02 03:01:22.014458800,,
BRU00011068,Toothbrush 2000,2022-12-02 01:10:31.313786000,89,9,bs226ra,bs226ra,1,Order Confirmed,2022-12-02 02:25:41.008830800,,
BRU00011277,Toothbrush 2000,2022-12-02 09:20:30.976280400,65,4,ch629eg,ch629eg,1,Order Received,2022-12-02 09:32:13.131631200,,
BRU00010934,Toothbrush 4000,2022-12-02 15:42:07.893288400,36,7,eh164ea,eh164ea,1,Order Confirmed,2022-12-02 16:46:08.150110000,,
BRU00011233,Toothbrush 4000,2022-12-02 11:34:49.704792400,48,8,b330dr,b330dr,1,Order Confirmed,2022-12-02 12:41:19.917983200,,
BRU00011412,Toothbrush 4000,2022-12-01 20:29:58.564098800,16,5,hr11gj,hr11gj,1,Order Received,2022-12-01 20:42:17.678579600,,
BRU00011101,Toothbrush 4000,2022-12-02 05:25:01.650635200,31,6,hx63hx,hx63hx,1,Order Received,2022-12-02 05:36:07.422643600,,
BRU00011512,Toothbrush 4000,2022-12-02 00:36:38.648770000,11,3,dt47ng,dt47ng,1,Order Received,2022-12-02 00:47:33.675667600,,
BRU00011440,Toothbrush 2000,2022-12-01 19:05:01.394106800,65,8,g728ah,g728ah,1,Order Received,2022-12-01 19:17:20.835849200,,
BRU00011501,Toothbrush 2000,2022-12-02 03:33:50.486209600,91,2,hr97tb,hr97tb,1,Order Received,2022-12-02 03:46:02.763358000,,
BRU00010978,Toothbrush 4000,2022-12-02 15:15:21.320882800,20,5,dl15ax,dl15ax,1,Order Received,2022-12-02 15:27:07.370980000,,
BRU00011040,Toothbrush 4000,2022-12-02 12:39:52.635402400,28,5,bn115ae,bn115ae,1,Order Received,2022-12-02 12:51:51.984396400,,
BRU00010842,Toothbrush 2000,2022-12-02 07:14:56.023877200,67,5,bs50hh,bs50hh,1,Order Confirmed,2022-12-02 08:22:16.346393200,,
BRU00011237,Toothbrush 4000,2022-12-02 05:32:54.490997200,12,2,dd30ry,dd30ry,1,Order Confirmed,2022-12-02 06:27:18.304028800,,
BRU00011476,Toothbrush 4000,2022-12-02 17:09:44.730732000,25,2,b496ds,b496ds,1,Order Confirmed,2022-12-02 18:25:35.843089200,,
BRU00010959,Toothbrush 2000,2022-12-01 09:05:04.781418000,81,6,eh548py,eh548py,1,Order Confirmed,2022-12-01 10:07:36.309853200,,
BRU00011660,Toothbrush 2000,2022-12-01 20:15:43.689821599,71,6,fy39ln,fy39ln,1,Order Confirmed,2022-12-01 21:20:45.404298799,,
BRU00010806,Toothbrush 2000,2022-12-01 18:36:14.945044400,77,1,ex173pz,ex173pz,1,Order Received,2022-12-01 18:47:19.148813600,,
BRU00011193,Toothbrush 4000,2022-12-02 10:59:11.944211200,29,1,bs58ed,bs58ed,1,Order Received,2022-12-02 11:10:36.999454000,,
BRU00011786,Toothbrush 2000,2022-12-02 09:32:47.268952400,89,4,bl83ls,bl83ls,1,Order Confirmed,2022-12-02 10:32:29.855777600,,
BRU00011268,Toothbrush 4000,2022-12-02 06:22:27.776615600,26,4,ip186ta,ip186ta,1,Order Received,2022-12-02 06:33:50.658642800,,
BRU00011673,Toothbrush 2000,2022-12-01 19:55:45.674810400,90,1,hr69jf,hr69jf,1,Order Confirmed,2022-12-01 21:09:27.456289200,,
BRU00011121,Toothbrush 4000,2022-12-01 20:03:28.651775600,30,7,ab565jy,ab565jy,1,Order Confirmed,2022-12-01 21:06:56.889419600,,
BRU00011164,Toothbrush 4000,2022-12-02 05:37:24.283414800,6,2,bn252tb,bn252tb,1,Order Received,2022-12-02 05:49:07.277900400,,
BRU00011406,Toothbrush 2000,2022-12-02 02:30:21.788895600,79,3,bs110ex,bs110ex,1,Order Confirmed,2022-12-02 03:38:54.017916000,,
BRU00010856,Toothbrush 2000,2022-12-01 23:50:40.519509200,56,6,bs91ph,bs91ph,1,Order Received,2022-12-02 00:02:32.438654000,,
BRU00010884,Toothbrush 4000,2022-12-02 07:24:27.599456000,24,4,dn312qw,dn312qw,1,Order Received,2022-12-02 07:36:27.221636000,,
BRU00011585,Toothbrush 4000,2022-12-02 00:46:13.476906799,12,3,eh106hh,eh106hh,1,Order Confirmed,2022-12-02 01:50:19.219563199,,
BRU00011133,Toothbrush 4000,2022-12-02 05:06:33.925724400,14,6,de43ar,de43ar,1,Order Confirmed,2022-12-02 06:11:37.484967600,,
BRU00011148,Toothbrush 4000,2022-12-02 01:29:30.701562800,32,5,ba77aw,ba77aw,1,Order Confirmed,2022-12-02 02:35:19.952286800,,
BRU00010989,Toothbrush 2000,2022-12-02 06:41:31.447211600,69,1,fy83ht,fy83ht,1,Order Received,2022-12-02 06:52:55.761138800,,
BRU00011514,Toothbrush 4000,2022-12-02 16:30:15.370697200,22,3,hp25ng,hp25ng,1,Order Confirmed,2022-12-02 17:23:26.272802800,,
BRU00011219,Toothbrush 2000,2022-12-02 12:35:58.422168400,60,6,da176lj,da176lj,1,Order Received,2022-12-02 12:47:41.705950000,,
BRU00010948,Toothbrush 2000,2022-12-01 22:01:07.509473600,64,7,dn319sf,dn319sf,1,Order Confirmed,2022-12-01 23:13:02.408406800,,
BRU00011388,Toothbrush 4000,2022-12-02 01:05:40.297537600,30,2,ha54nn,ha54nn,1,Order Received,2022-12-02 01:18:05.872942000,,
BRU00011714,Toothbrush 2000,2022-12-02 00:22:51.877931200,86,1,ba12du,ba12du,1,Order Confirmed,2022-12-02 01:35:26.354202400,,
BRU00011708,Toothbrush 4000,2022-12-02 16:03:32.431214399,53,5,eh355lb,eh355lb,1,Order Received,2022-12-02 16:15:02.843469599,,
BRU00011088,Toothbrush 4000,2022-12-01 16:23:15.039415600,29,5,gy79jf,gy79jf,1,Order Received,2022-12-01 16:35:16.456465600,,
BRU00011508,Toothbrush 4000,2022-12-02 09:07:12.008601200,21,8,cf831hx,cf831hx,1,Order Confirmed,2022-12-02 10:17:54.373578800,,
BRU00011314,Toothbrush 4000,2022-12-02 12:51:54.298363600,24,9,bh193yh,bh193yh,1,Order Confirmed,2022-12-02 13:46:09.819079600,,
BRU00011332,Toothbrush 4000,2022-12-02 18:59:46.640599600,19,9,hd96pp,hd96pp,1,Order Received,2022-12-02 19:12:03.137178400,,
BRU00010946,Toothbrush 4000,2022-12-02 12:08:10.287615600,11,4,b54sj,b54sj,1,Order Confirmed,2022-12-02 13:01:31.412425200,,
BRU00011780,Toothbrush 4000,2022-12-02 14:34:21.378472400,14,5,g412eh,g412eh,1,Order Confirmed,2022-12-02 15:48:27.041588000,,
BRU00011727,Toothbrush 4000,2022-12-02 15:49:34.588986400,18,9,bs106jz,bs106jz,1,Order Received,2022-12-02 16:02:13.442231200,,
BRU00010872,Toothbrush 4000,2022-12-02 08:34:33.513749600,16,3,dn84ng,dn84ng,1,Order Confirmed,2022-12-02 09:31:22.043516000,,
BRU00011254,Toothbrush 2000,2022-12-02 03:28:42.412864400,82,9,al48nw,al48nw,1,Order Confirmed,2022-12-02 04:49:41.075853200,,
BRU00011269,Toothbrush 4000,2022-12-02 13:31:42.579312400,33,6,dh76pl,dh76pl,1,Order Confirmed,2022-12-02 14:44:39.943555600,,
BRU00011035,Toothbrush 4000,2022-12-01 22:59:10.366248800,22,3,b761sa,b761sa,1,Order Confirmed,2022-12-02 00:13:39.713235200,,
BRU00011687,Toothbrush 4000,2022-12-02 10:08:42.912622000,21,2,cf244ex,cf244ex,1,Order Received,2022-12-02 10:22:12.699487600,,
BRU00011550,Toothbrush 2000,2022-12-01 14:11:21.923751599,77,9,cv35dh,cv35dh,1,Order Confirmed,2022-12-01 15:00:52.881718799,,
BRU00011576,Toothbrush 4000,2022-12-01 23:25:17.209435200,38,9,dh47hz,dh47hz,1,Order Confirmed,2022-12-02 00:36:48.809863200,,
BRU00011285,Toothbrush 2000,2022-12-01 09:24:07.786451200,69,2,da81dh,da81dh,1,Order Confirmed,2022-12-01 10:32:23.141483200,,
BRU00010805,Toothbrush 2000,2022-12-01 20:08:47.455648000,78,3,cv358uq,cv358uq,1,Order Received,2022-12-01 20:21:14.391362800,,
BRU00011604,Toothbrush 4000,2022-12-02 04:45:57.482811200,25,8,hp157dw,hp157dw,1,Order Received,2022-12-02 04:57:53.618243600,,
BRU00011370,Toothbrush 2000,2022-12-02 02:36:05.421786000,79,3,bs240pa,bs240pa,1,Order Confirmed,2022-12-02 03:39:29.040028800,,
BRU00011422,Toothbrush 4000,2022-12-02 02:30:22.866668000,19,5,bn228bn,bn228bn,1,Order Received,2022-12-02 02:41:13.747406000,,
BRU00011169,Toothbrush 2000,2022-12-01 08:42:24.305675200,56,1,ca75jl,ca75jl,1,Order Received,2022-12-01 08:54:35.991073600,,
BRU00011359,Toothbrush 4000,2022-12-02 12:37:10.171455200,29,8,gy13sn,gy13sn,1,Order Received,2022-12-02 12:49:15.506234000,,
BRU00010995,Toothbrush 2000,2022-12-01 20:15:31.067158800,79,1,de141lj,de141lj,1,Order Confirmed,2022-12-01 21:15:29.078040000,,
BRU00011630,Toothbrush 2000,2022-12-02 07:28:40.910761199,60,3,ba202fs,ba202fs,1,Order Confirmed,2022-12-02 08:42:57.544171199,,
BRU00011633,Toothbrush 4000,2022-12-01 22:13:03.110586800,28,2,gl207rg,gl207rg,1,Order Received,2022-12-01 22:25:22.736735600,,
BRU00010916,Toothbrush 2000,2022-12-02 02:31:32.868414800,66,4,dt48aw,dt48aw,1,Order Received,2022-12-02 02:45:25.908281600,,
BRU00010980,Toothbrush 4000,2022-12-01 23:51:34.385718800,20,3,cf52hr,cf52hr,1,Order Confirmed,2022-12-02 01:02:29.306520800,,
BRU00011096,Toothbrush 2000,2022-12-01 11:04:20.090864400,77,2,g830jd,g830jd,1,Order Confirmed,2022-12-01 12:06:35.434509600,,
BRU00011706,Toothbrush 2000,2022-12-02 08:04:25.074950800,76,2,ex30pf,ex30pf,1,Order Received,2022-12-02 08:15:49.422707200,,
BRU00011534,Toothbrush 4000,2022-12-02 06:03:17.037464400,12,8,ex42ee,ex42ee,1,Order Confirmed,2022-12-02 06:55:46.897550400,,
BRU00011728,Toothbrush 2000,2022-12-01 10:11:57.912249200,70,6,eh139eg,eh139eg,1,Order Received,2022-12-01 10:24:08.042012000,,
BRU00011049,Toothbrush 2000,2022-12-01 16:42:44.253710800,62,6,bh232re,bh232re,1,Order Confirmed,2022-12-01 17:57:17.875146400,,
BRU00010945,Toothbrush 2000,2022-12-01 19:52:55.020552000,74,7,b712rn,b712rn,1,Order Confirmed,2022-12-01 21:05:15.987373200,,
BRU00010956,Toothbrush 2000,2022-12-02 02:20:15.954384400,101,9,hu179ds,hu179ds,1,Order Confirmed,2022-12-02 03:13:31.760611600,,
BRU00011731,Toothbrush 2000,2022-12-01 13:04:36.348433200,82,3,bh207hz,bh207hz,1,Order Confirmed,2022-12-01 14:07:16.140070800,,
BRU00011158,Toothbrush 4000,2022-12-02 20:43:27.191125599,42,1,ba215ft,ba215ft,1,Order Confirmed,2022-12-02 21:46:30.556909599,,
BRU00011525,Toothbrush 4000,2022-12-01 20:29:24.278214000,28,8,cm63lp,cm63lp,1,Order Confirmed,2022-12-01 21:31:08.666409600,,
BRU00011745,Toothbrush 4000,2022-12-01 13:56:09.730546400,37,8,dd54sj,dd54sj,1,Order Received,2022-12-01 14:08:27.546831200,,
BRU00011483,Toothbrush 2000,2022-12-01 23:54:30.310408400,64,9,bs481rq,bs481rq,1,Order Confirmed,2022-12-02 00:41:35.440562000,,
BRU00010885,Toothbrush 2000,2022-12-02 13:09:51.634160000,72,7,cv344sg,cv344sg,1,Order Received,2022-12-02 13:21:17.239893200,,
BRU00011355,Toothbrush 2000,2022-12-01 19:37:29.947554400,82,8,ig80eg,ig80eg,1,Order Confirmed,2022-12-01 20:29:12.065088400,,
BRU00011703,Toothbrush 4000,2022-12-02 01:45:05.640084399,33,2,ex168hd,ex168hd,1,Order Confirmed,2022-12-02 02:55:35.130691599,,
BRU00011772,Toothbrush 4000,2022-12-01 21:08:53.875600800,25,7,gu97sw,gu97sw,1,Order Confirmed,2022-12-01 21:49:19.724502000,,
BRU00010975,Toothbrush 4000,2022-12-02 07:45:52.652796000,21,1,hd46qh,hd46qh,1,Order Received,2022-12-02 07:58:30.554107200,,
BRU00011497,Toothbrush 2000,2022-12-02 01:05:13.867862800,55,6,cw72nh,cw72nh,1,Order Confirmed,2022-12-02 02:13:22.990333600,,
BRU00010957,Toothbrush 4000,2022-12-01 16:16:10.700148400,29,8,bh189au,bh189au,1,Order Confirmed,2022-12-01 17:08:52.538593600,,
BRU00010834,Toothbrush 4000,2022-12-01 20:30:09.361765200,28,8,gu73dx,gu73dx,1,Order Received,2022-12-01 20:42:44.693680800,,
BRU00010962,Toothbrush 2000,2022-12-02 02:13:28.984808400,53,1,co58pu,co58pu,1,Order Received,2022-12-02 02:25:10.636065600,,
BRU00011323,Toothbrush 4000,2022-12-02 06:09:40.265319600,35,1,bs44sx,bs44sx,1,Order Received,2022-12-02 06:21:35.314362000,,
BRU00011365,Toothbrush 2000,2022-12-01 14:21:33.911211200,87,3,ex137ne,ex137ne,1,Order Confirmed,2022-12-01 15:36:29.215677200,,
BRU00011298,Toothbrush 2000,2022-12-01 12:31:05.857397200,70,2,dh34jr,dh34jr,1,Order Received,2022-12-01 12:43:24.583578400,,
BRU00011467,Toothbrush 2000,2022-12-02 07:53:47.333408399,80,5,hu52jg,hu52jg,1,Order Received,2022-12-02 08:04:56.689573199,,
BRU00011575,Toothbrush 2000,2022-12-02 09:30:54.966280400,79,5,ct66rg,ct66rg,1,Order Received,2022-12-02 09:42:56.343579200,,
BRU00011602,Toothbrush 2000,2022-12-02 06:41:50.317230800,65,8,ch636ha,ch636ha,1,Order Confirmed,2022-12-02 07:34:35.028652400,,
BRU00010973,Toothbrush 4000,2022-12-02 02:06:11.293511200,33,9,eh546bs,eh546bs,1,Order Received,2022-12-02 02:18:01.990114000,,
BRU00011393,Toothbrush 2000,2022-12-02 06:04:06.661715200,80,8,cm234fq,cm234fq,1,Order Confirmed,2022-12-02 07:27:24.628284400,,
BRU00011484,Toothbrush 4000,2022-12-02 11:44:07.304180800,28,3,b377ep,b377ep,1,Order Confirmed,2022-12-02 13:05:10.023876400,,
BRU00011517,Toothbrush 2000,2022-12-02 00:58:42.753455600,66,2,cm49le,cm49le,1,Order Received,2022-12-02 01:10:31.903192400,,
BRU00011041,Toothbrush 2000,2022-12-01 23:18:37.227882400,83,1,g663tp,g663tp,1,Order Received,2022-12-01 23:30:25.859640400,,
BRU00010985,Toothbrush 4000,2022-12-01 17:06:06.647632800,33,4,b201al,b201al,1,Order Received,2022-12-01 17:18:41.731562400,,
BRU00011541,Toothbrush 4000,2022-12-01 20:47:26.748634400,26,8,fk20se,fk20se,1,Order Received,2022-12-01 21:00:18.485771600,,
BRU00010820,Toothbrush 4000,2022-12-02 15:58:10.889439200,16,5,cr27je,cr27je,1,Order Confirmed,2022-12-02 16:50:11.383130000,,
BRU00011549,Toothbrush 4000,2022-12-02 05:29:01.096763600,29,7,ha12pa,ha12pa,1,Order Confirmed,2022-12-02 06:20:27.581564000,,
BRU00010936,Toothbrush 4000,2022-12-02 06:08:21.818404400,26,4,bn253eb,bn253eb,1,Order Confirmed,2022-12-02 06:56:14.648165600,,
BRU00011347,Toothbrush 4000,2022-12-02 12:49:57.557670000,22,5,e149bh,e149bh,1,Order Received,2022-12-02 13:01:52.680303600,,
BRU00011213,Toothbrush 4000,2022-12-02 04:18:39.267984000,2,4,bs153ed,bs153ed,1,Order Received,2022-12-02 04:30:43.058658000,,
BRU00010833,Toothbrush 4000,2022-12-01 10:28:42.562643200,26,9,ip123fd,ip123fd,1,Order Received,2022-12-01 10:39:45.965696800,,
BRU00011238,Toothbrush 2000,2022-12-02 12:22:27.934280800,79,3,b459de,b459de,1,Order Received,2022-12-02 12:34:24.554766400,,
BRU00011409,Toothbrush 2000,2022-12-01 18:59:45.011092800,84,8,bb129jy,bb129jy,1,Order Confirmed,2022-12-01 20:13:59.985529200,,
BRU00011768,Toothbrush 4000,2022-12-02 02:19:32.102562800,34,1,hd22sb,hd22sb,1,Order Confirmed,2022-12-02 02:56:43.003392800,,
BRU00011475,Toothbrush 4000,2022-12-02 05:19:56.910501200,-5,8,gl60af,gl60af,1,Order Received,2022-12-02 05:32:01.412200400,,
BRU00010814,Toothbrush 2000,2022-12-01 20:38:31.777515200,57,4,ab452nj,ab452nj,1,Order Received,2022-12-01 20:50:05.798579600,,
BRU00011693,Toothbrush 2000,2022-12-01 20:23:20.562566800,79,5,br12az,br12az,1,Order Confirmed,2022-12-01 21:34:12.925943200,,
BRU00011113,Toothbrush 4000,2022-12-01 22:05:33.062145200,33,7,bh80jw,bh80jw,1,Order Received,2022-12-01 22:16:37.194155600,,
BRU00011441,Toothbrush 2000,2022-12-01 07:59:55.965002800,79,5,ct95dh,ct95dh,1,Order Received,2022-12-01 08:12:00.257772400,,
BRU00010803,Toothbrush 2000,2022-12-01 20:48:41.561861199,77,8,da144qn,da144qn,1,Order Received,2022-12-01 21:00:32.721373599,,
BRU00011507,Toothbrush 2000,2022-12-01 21:54:36.731344399,65,2,ct202be,ct202be,1,Order Confirmed,2022-12-01 23:06:50.445695599,,
BRU00010839,Toothbrush 4000,2022-12-02 07:06:29.261783600,36,5,ca222fj,ca222fj,1,Order Confirmed,2022-12-02 08:15:55.459959200,,
BRU00010965,Toothbrush 4000,2022-12-02 03:16:09.024456000,25,4,cm26se,cm26se,1,Order Received,2022-12-02 03:27:56.391213600,,
BRU00011004,Toothbrush 4000,2022-12-01 23:18:11.520289600,29,7,gy68lr,gy68lr,1,Order Received,2022-12-01 23:29:53.355650800,,
BRU00011679,Toothbrush 4000,2022-12-02 23:51:08.028567200,16,3,ch658eb,ch658eb,1,Order Received,2022-12-03 00:03:35.461712000,,
BRU00011095,Toothbrush 2000,2022-12-02 02:18:45.939121200,58,8,g811nj,g811nj,1,Order Received,2022-12-02 02:31:32.107803600,,
BRU00010958,Toothbrush 2000,2022-12-02 03:16:44.036419600,78,2,bh234dt,bh234dt,1,Order Confirmed,2022-12-02 04:18:40.711724800,,
BRU00010870,Toothbrush 2000,2022-12-01 17:23:08.427623600,70,4,dy83up,dy83up,1,Order Confirmed,2022-12-01 18:38:19.744083200,,
BRU00010893,Toothbrush 2000,2022-12-01 12:38:58.401865200,67,8,cf819af,cf819af,1,Order Confirmed,2022-12-01 14:06:29.554666800,,
BRU00011470,Toothbrush 4000,2022-12-01 22:45:27.201028000,39,8,en20nj,en20nj,1,Order Confirmed,2022-12-01 23:30:32.716894000,,
BRU00011196,Toothbrush 2000,2022-12-02 04:08:59.452010000,66,8,hp69sr,hp69sr,1,Order Confirmed,2022-12-02 05:07:46.446090800,,
BRU00011494,Toothbrush 4000,2022-12-02 00:13:06.917484000,21,2,bb30qg,bb30qg,1,Order Received,2022-12-02 00:25:54.790258800,,
BRU00011248,Toothbrush 4000,2022-12-02 02:38:45.069302400,33,8,ba140sq,ba140sq,1,Order Confirmed,2022-12-02 04:21:09.818928000,,
BRU00011682,Toothbrush 4000,2022-12-02 05:45:02.024693600,21,3,dn140pe,dn140pe,1,Order Received,2022-12-02 05:56:39.011841200,,
BRU00010813,Toothbrush 4000,2022-12-02 02:54:36.974212800,26,5,g413uh,g413uh,1,Order Received,2022-12-02 03:05:22.954263600,,
BRU00011710,Toothbrush 2000,2022-12-01 17:42:41.627915600,73,3,g718fj,g718fj,1,Order Confirmed,2022-12-01 18:41:49.372702400,,
BRU00011538,Toothbrush 4000,2022-12-01 21:37:02.087853600,25,8,en61lg,en61lg,1,Order Confirmed,2022-12-01 22:45:06.200467199,,
BRU00011757,Toothbrush 4000,2022-12-02 03:07:25.806662800,31,3,b67xx,b67xx,1,Order Received,2022-12-02 03:19:36.361096000,,
BRU00011264,Toothbrush 2000,2022-12-01 18:30:56.769398800,76,9,gu112eg,gu112eg,1,Order Received,2022-12-01 18:42:47.008945600,,
BRU00010841,Toothbrush 4000,2022-12-02 15:48:10.493224400,22,9,cf434xx,cf434xx,1,Order Confirmed,2022-12-02 16:49:14.170776800,,
BRU00011634,Toothbrush 2000,2022-12-01 08:08:33.019662800,74,6,dn106nr,dn106nr,1,Order Confirmed,2022-12-01 09:11:56.126561600,,
BRU00011746,Toothbrush 2000,2022-12-02 01:51:37.503732800,68,6,dt20nl,dt20nl,1,Order Confirmed,2022-12-02 03:04:18.887669600,,
BRU00011025,Toothbrush 4000,2022-12-01 22:24:19.760972400,19,8,g40as,g40as,1,Order Confirmed,2022-12-01 23:36:41.285264400,,
BRU00011472,Toothbrush 2000,2022-12-02 08:58:39.553353600,65,7,bs65el,bs65el,1,Order Received,2022-12-02 09:10:27.205112400,,
BRU00011713,Toothbrush 2000,2022-12-02 03:26:33.276064000,81,6,hu178hg,hu178hg,1,Order Confirmed,2022-12-02 04:36:53.107507600,,
BRU00011429,Toothbrush 2000,2022-12-01 16:28:02.117408800,65,9,cv91pz,cv91pz,1,Order Received,2022-12-01 16:39:48.564269200,,
BRU00011322,Toothbrush 2000,2022-12-02 02:27:40.500253600,70,6,dy51ad,dy51ad,1,Order Confirmed,2022-12-02 03:31:12.157260400,,
BRU00011240,Toothbrush 2000,2022-12-01 17:53:43.360670000,66,4,cb79gj,cb79gj,1,Order Confirmed,2022-12-01 19:14:01.877398400,,
BRU00011611,Toothbrush 4000,2022-12-02 19:55:01.497853599,43,9,ca11pp,ca11pp,1,Order Received,2022-12-02 20:07:27.410340399,,
BRU00011224,Toothbrush 4000,2022-12-01 17:39:34.313756400,32,5,bn86ag,bn86ag,1,Order Received,2022-12-01 17:52:02.906169600,,
BRU00011011,Toothbrush 2000,2022-12-02 03:39:19.104543600,83,1,dy101sh,dy101sh,1,Order Confirmed,2022-12-02 04:58:03.081096000,,
BRU00010977,Toothbrush 2000,2022-12-02 08:01:11.623326800,85,1,dy90lq,dy90lq,1,Order Confirmed,2022-12-02 08:31:02.516921600,,
BRU00011613,Toothbrush 4000,2022-12-02 15:59:16.153598000,32,1,b487bs,b487bs,1,Order Received,2022-12-02 16:12:01.513619600,,
BRU00011108,Toothbrush 2000,2022-12-02 06:30:09.615000000,83,1,dl79hj,dl79hj,1,Order Confirmed,2022-12-02 07:40:00.955197600,,
BRU00011334,Toothbrush 2000,2022-12-01 09:23:36.204837200,76,3,dh88al,dh88al,1,Order Received,2022-12-01 09:34:38.930655200,,
BRU00011436,Toothbrush 4000,2022-12-01 23:55:44.338783200,12,9,bl67dd,bl67dd,1,Order Confirmed,2022-12-02 00:32:12.039512400,,
BRU00011242,Toothbrush 2000,2022-12-01 16:21:55.108138400,76,3,bh64hu,bh64hu,1,Order Received,2022-12-01 16:33:49.453697600,,
BRU00011302,Toothbrush 4000,2022-12-02 14:33:17.682036800,26,1,ba213sq,ba213sq,1,Order Confirmed,2022-12-02 15:39:55.107028400,,
BRU00010858,Toothbrush 4000,2022-12-02 04:43:23.034299200,34,6,DN33 1NL,DN33   1NL,1,Order Received,2022-12-02 04:55:24.807911200,,
BRU00011666,Toothbrush 2000,2022-12-01 23:41:22.383897200,44,3,G72 0SS,G72   0SS,1,Order Confirmed,2022-12-02 01:02:20.276212400,,
BRU00011460,Toothbrush 2000,2022-12-01 16:10:30.172743200,90,1,BH23 7JX,BH23   7JX,1,Order Confirmed,2022-12-01 17:13:45.647346800,,
BRU00011362,Toothbrush 4000,2022-12-02 00:41:28.024120800,22,5,CW11 2GD,CW11   2GD,1,Order Confirmed,2022-12-02 02:00:22.813572000,,
BRU00011006,Toothbrush 4000,2022-12-02 02:02:39.585772800,18,2,EH51 9HT,EH51   9HT,1,Order Received,2022-12-02 02:14:51.827533200,,
BRU00011286,Toothbrush 2000,2022-12-01 20:29:48.313268800,75,5,CW12 4RY,CW12   4RY,1,Order Confirmed,2022-12-01 21:51:10.232131600,,
BRU00011717,Toothbrush 2000,2022-12-02 11:49:34.559091200,74,9,EN4 8QR,EN4   8QR,1,Order Received,2022-12-02 12:01:31.517469200,,
BRU00011328,Toothbrush 2000,2022-12-01 19:42:19.321998000,74,3,IP12 2ED,IP12   2ED,1,Order Received,2022-12-01 19:54:22.426821600,,
BRU00011038,Toothbrush 2000,2022-12-02 04:12:17.778278400,68,8,CO10 0WF,CO10   0WF,1,Order Confirmed,2022-12-02 05:12:46.014702000,,
BRU00011292,Toothbrush 4000,2022-12-01 20:25:09.599747200,47,1,CM9 4SF,CM9   4SF,1,Order Received,2022-12-01 20:36:47.068826800,,
BRU00011220,Toothbrush 4000,2022-12-01 22:11:31.495922800,43,6,B21 0HT,B21   0HT,1,Order Received,2022-12-01 22:23:58.453396000,,
BRU00011471,Toothbrush 4000,2022-12-02 04:24:57.437636000,24,2,B29 7NY,B29   7NY,1,Order Confirmed,2022-12-02 05:34:23.537204000,,
BRU00010909,Toothbrush 4000,2022-12-02 06:21:03.285291200,41,6,CW6 9BB,CW6   9BB,1,Order Confirmed,2022-12-02 07:29:02.796057200,,
BRU00011427,Toothbrush 4000,2022-12-02 13:23:51.677591600,8,7,CM4 9PJ,CM4   9PJ,1,Order Confirmed,2022-12-02 14:40:11.516588000,,
BRU00011533,Toothbrush 4000,2022-12-01 21:18:09.732680800,22,5,BR3 3HT,BR3   3HT,1,Order Received,2022-12-01 21:30:20.729622400,,
BRU00011762,Toothbrush 2000,2022-12-01 12:04:16.758890000,78,6,AB15 4DY,AB15   4DY,1,Order Confirmed,2022-12-01 13:07:32.993342000,,
BRU00010913,Toothbrush 4000,2022-12-01 23:30:57.722119600,15,2,AB56 1AX,AB56   1AX,1,Order Confirmed,2022-12-02 00:14:27.955957600,,
BRU00011372,Toothbrush 2000,2022-12-02 06:27:52.301064800,73,9,EX38 8PA,EX38   8PA,1,Order Received,2022-12-02 06:39:56.622414800,,
BRU00011449,Toothbrush 4000,2022-12-02 08:56:22.514182800,31,5,CH44 2BX,CH44   2BX,1,Order Confirmed,2022-12-02 10:01:19.515345600,,
BRU00011099,Toothbrush 4000,2022-12-02 03:21:02.703659199,28,6,EH30 9PB,EH30   9PB,1,Order Confirmed,2022-12-02 04:20:45.750647199,,
BRU00011163,Toothbrush 2000,2022-12-02 11:41:58.683096800,87,9,DT1 3RD,DT1   3RD,1,Order Confirmed,2022-12-02 12:48:35.591481200,,
BRU00011749,Toothbrush 4000,2022-12-02 20:24:53.444628800,29,5,CH63 0HJ,CH63   0HJ,1,Order Received,2022-12-02 20:37:22.650795200,,
BRU00011411,Toothbrush 4000,2022-12-02 01:11:06.680306400,11,8,B26 1DU,B26   1DU,1,Order Received,2022-12-02 01:22:36.062302800,,
BRU00011185,Toothbrush 2000,2022-12-02 04:06:41.500270800,63,9,BN2 3QH,BN2   3QH,1,Order Received,2022-12-02 04:18:27.017251200,,
BRU00011468,Toothbrush 2000,2022-12-02 02:06:16.214959600,73,3,BN14 8ED,BN14   8ED,1,Order Received,2022-12-02 02:17:16.345199200,,
BRU00011065,Toothbrush 4000,2022-12-02 00:23:10.819032800,29,8,BS22 9RY,BS22   9RY,1,Order Confirmed,2022-12-02 01:30:02.149071200,,
BRU00011652,Toothbrush 2000,2022-12-01 20:51:52.174222400,72,9,B70 0TX,B70   0TX,1,Order Confirmed,2022-12-01 22:00:02.009990000,,
BRU00010877,Toothbrush 2000,2022-12-02 05:21:22.502955200,93,4,B26 1QP,B26   1QP,1,Order Received,2022-12-02 05:33:11.184598400,,
BRU00011105,Toothbrush 2000,2022-12-01 19:33:52.813854400,71,5,EN1 2FE,EN1   2FE,1,Order Confirmed,2022-12-01 20:43:07.757807200,,
BRU00011069,Toothbrush 2000,2022-12-01 04:39:58.383642000,81,7,BN3 5PF,BN3   5PF,1,Order Received,2022-12-01 04:51:33.543102000,,
BRU00011301,Toothbrush 2000,2022-12-01 18:39:54.675269200,50,9,B46 3ER,B46   3ER,1,Order Received,2022-12-01 18:51:39.591841600,,
BRU00010941,Toothbrush 2000,2022-12-02 01:22:29.861432000,94,1,CT9 1EY,CT9   1EY,1,Order Confirmed,2022-12-02 02:29:37.398008000,,
BRU00011280,Toothbrush 2000,2022-12-01 14:53:57.458994800,82,5,HP13 5DN,HP13   5DN,1,Order Received,2022-12-01 15:05:35.304404000,,
BRU00011384,Toothbrush 4000,2022-12-01 21:33:45.194688800,24,3,AB38 9SD,AB38   9SD,1,Order Received,2022-12-01 21:44:04.893573200,,
BRU00010970,Toothbrush 2000,2022-12-02 09:05:29.094048800,58,1,HA2 7AW,HA2   7AW,1,Order Received,2022-12-02 09:17:35.729576000,,
BRU00011434,Toothbrush 4000,2022-12-02 03:40:38.985829600,33,1,CB24 8UN,CB24   8UN,1,Order Confirmed,2022-12-02 04:39:27.195180400,,
BRU00011186,Toothbrush 2000,2022-12-02 01:40:49.390527600,80,1,HP18 9SB,HP18   9SB,1,Order Received,2022-12-02 01:53:08.282982000,,
BRU00011502,Toothbrush 4000,2022-12-02 16:09:11.671088000,17,8,CB22 5SS,CB22   5SS,1,Order Received,2022-12-02 16:20:12.405778400,,
BRU00011529,Toothbrush 2000,2022-12-02 00:02:03.053030800,72,1,FY5 1SE,FY5   1SE,1,Order Received,2022-12-02 00:15:22.566346000,,
BRU00011557,Toothbrush 2000,2022-12-01 09:10:20.008154800,57,5,DY5 2JS,DY5   2JS,1,Order Confirmed,2022-12-01 10:14:13.075416400,,
BRU00011426,Toothbrush 4000,2022-12-02 02:01:19.198349200,13,7,EX12 2LZ,EX12   2LZ,1,Order Received,2022-12-02 02:14:27.879505600,,
BRU00011509,Toothbrush 4000,2022-12-01 22:20:59.367617600,33,5,G75 8HB,G75   8HB,1,Order Received,2022-12-01 22:33:33.846725600,,
BRU00011146,Toothbrush 4000,2022-12-02 11:00:17.156166000,28,1,G42 0PH,G42   0PH,1,Order Received,2022-12-02 11:12:06.348015600,,
BRU00011581,Toothbrush 4000,2022-12-02 11:44:14.825592000,12,1,DH5 9DY,DH5   9DY,1,Order Received,2022-12-02 11:56:48.377822400,,
BRU00011229,Toothbrush 4000,2022-12-02 05:40:42.269687600,17,9,CB23 7WJ,CB23   7WJ,1,Order Confirmed,2022-12-02 06:39:02.247075200,,
BRU00011324,Toothbrush 2000,2022-12-01 23:44:18.867438400,62,4,HP7 9NA,HP7   9NA,1,Order Received,2022-12-01 23:56:42.954322000,,
BRU00011263,Toothbrush 2000,2022-12-02 00:36:10.754897600,76,8,EX22 6NQ,EX22   6NQ,1,Order Confirmed,2022-12-02 01:46:14.954594000,,
BRU00011417,Toothbrush 2000,2022-12-01 18:37:13.077369600,72,1,DA13 9DJ,DA13   9DJ,1,Order Received,2022-12-01 18:49:01.621492800,,
BRU00011559,Toothbrush 4000,2022-12-02 15:38:39.128697200,21,5,G41 2NA,G41   2NA,1,Order Confirmed,2022-12-02 17:07:30.186288800,,
BRU00011140,Toothbrush 4000,2022-12-02 13:31:16.892878000,35,3,BS28 4HW,BS28   4HW,1,Order Confirmed,2022-12-02 14:57:19.601419600,,
BRU00011569,Toothbrush 2000,2022-12-02 07:58:46.546643600,68,9,BD19 3LD,BD19   3LD,1,Order Confirmed,2022-12-02 08:53:34.199469200,,
BRU00010996,Toothbrush 2000,2022-12-01 18:44:06.847337200,73,5,EX16 6LW,EX16   6LW,1,Order Confirmed,2022-12-01 19:42:49.843718800,,
BRU00011135,Toothbrush 4000,2022-12-02 03:58:47.612125600,20,9,DG8 0BX,DG8   0BX,1,Order Received,2022-12-02 04:11:05.324550400,,
BRU00011262,Toothbrush 4000,2022-12-02 15:05:30.916508400,28,7,FY7 6JH,FY7   6JH,1,Order Received,2022-12-02 15:16:41.013394800,,
BRU00010943,Toothbrush 4000,2022-12-01 15:34:32.388040400,9,4,AL3 7HT,AL3   7HT,1,Order Received,2022-12-01 15:45:44.222812400,,
BRU00011664,Toothbrush 4000,2022-12-02 07:18:15.238156800,21,8,CR4 4DZ,CR4   4DZ,1,Order Received,2022-12-02 07:30:42.886372800,,
BRU00011125,Toothbrush 4000,2022-12-01 13:52:59.966285600,34,2,HS2 9NG,HS2   9NG,1,Order Received,2022-12-01 14:04:24.226706000,,
BRU00011357,Toothbrush 2000,2022-12-02 02:56:49.495842800,77,4,CT11 0AY,CT11   0AY,1,Order Confirmed,2022-12-02 03:56:00.170842400,,
BRU00011414,Toothbrush 4000,2022-12-01 19:25:18.221630800,28,5,CO6 4RE,CO6   4RE,1,Order Confirmed,2022-12-01 20:35:36.196590400,,
BRU00011315,Toothbrush 4000,2022-12-02 13:48:58.185960000,27,7,G14 9DU,G14   9DU,1,Order Received,2022-12-02 14:01:11.807391600,,
BRU00011379,Toothbrush 2000,2022-12-01 16:48:30.122960800,67,9,AB11 6XL,AB11   6XL,1,Order Received,2022-12-01 17:00:41.494050400,,
BRU00011360,Toothbrush 2000,2022-12-02 06:35:04.456178400,70,7,BL9 8PA,BL9   8PA,1,Order Received,2022-12-02 06:46:18.819788400,,
BRU00011173,Toothbrush 2000,2022-12-02 07:08:25.494766800,69,3,B47 6JX,B47   6JX,1,Order Received,2022-12-02 07:20:02.357286000,,
BRU00011582,Toothbrush 4000,2022-12-01 20:04:14.089344400,35,6,CV6 4LP,CV6   4LP,1,Order Confirmed,2022-12-01 21:17:31.963511200,,
BRU00010846,Toothbrush 2000,2022-12-01 18:45:35.459221200,99,7,CF64 3DQ,CF64   3DQ,1,Order Confirmed,2022-12-01 19:51:40.638105600,,
BRU00011126,Toothbrush 4000,2022-12-02 13:56:11.322595200,24,3,B4 6RL,B4   6RL,1,Order Confirmed,2022-12-02 15:05:25.555962000,,
BRU00011527,Toothbrush 4000,2022-12-02 02:23:25.465140000,20,9,IP22 5SF,IP22   5SF,1,Order Received,2022-12-02 02:35:20.019218400,,
BRU00011528,Toothbrush 4000,2022-12-01 19:18:23.053144400,33,7,HP15 7PF,HP15   7PF,1,Order Received,2022-12-01 19:30:08.293342400,,
BRU00011195,Toothbrush 2000,2022-12-01 20:25:25.536824000,63,2,AB54 8JY,AB54   8JY,1,Order Received,2022-12-01 20:37:30.196890800,,
BRU00010894,Toothbrush 4000,2022-12-01 22:00:31.037297600,15,6,CW3 0EQ,CW3   0EQ,1,Order Confirmed,2022-12-01 23:07:26.681990000,,
BRU00011278,Toothbrush 2000,2022-12-01 16:09:23.932314000,84,9,BA20 2LL,BA20   2LL,1,Order Confirmed,2022-12-01 17:09:17.326440000,,
BRU00011177,Toothbrush 2000,2022-12-01 22:18:58.904845200,81,1,DN11 9AY,DN11   9AY,1,Order Confirmed,2022-12-01 23:14:14.234719200,,
BRU00010883,Toothbrush 2000,2022-12-02 01:28:42.011670400,76,1,BB8 8ET,BB8   8ET,1,Order Confirmed,2022-12-02 02:42:48.438270400,,
BRU00011506,Toothbrush 4000,2022-12-02 18:26:21.471198400,33,2,FK8 2ET,FK8   2ET,1,Order Confirmed,2022-12-02 19:31:20.121632800,,
BRU00011420,Toothbrush 2000,2022-12-01 14:07:15.897619200,71,2,CH4 9JF,CH4   9JF,1,Order Received,2022-12-01 14:18:42.444385200,,
BRU00010831,Toothbrush 4000,2022-12-02 01:58:49.979365200,20,1,DH8 7DB,DH8   7DB,1,Order Confirmed,2022-12-02 02:49:07.791562800,,
BRU00011640,Toothbrush 4000,2022-12-02 12:08:34.385989600,20,3,B32 3JA,B32   3JA,1,Order Received,2022-12-02 12:21:16.448242000,,
BRU00011364,Toothbrush 4000,2022-12-02 08:03:24.723178800,33,4,AL3 5AY,AL3   5AY,1,Order Received,2022-12-02 08:15:21.271826400,,
BRU00011629,Toothbrush 2000,2022-12-01 10:29:11.519411600,70,1,DH1 1XH,DH1   1XH,1,Order Received,2022-12-01 10:40:33.759224000,,
BRU00011297,Toothbrush 2000,2022-12-02 06:25:06.476114000,90,6,B90 3HU,B90   3HU,1,Order Confirmed,2022-12-02 07:23:14.699192000,,
BRU00011321,Toothbrush 4000,2022-12-02 06:34:38.263624000,3,8,EX10 9DJ,EX10   9DJ,1,Order Received,2022-12-02 06:47:01.995778000,,
BRU00011515,Toothbrush 2000,2022-12-02 12:51:41.824497200,65,4,CV37 8LX,CV37   8LX,1,Order Received,2022-12-02 13:02:52.757512400,,
BRU00011619,Toothbrush 4000,2022-12-02 05:16:51.971356800,26,5,CT15 4DT,CT15   4DT,1,Order Confirmed,2022-12-02 06:21:05.997580800,,
BRU00011771,Toothbrush 2000,2022-12-02 02:32:59.147933600,99,6,DA2 6HS,DA2   6HS,1,Order Confirmed,2022-12-02 03:29:22.641953600,,
BRU00010939,Toothbrush 4000,2022-12-02 10:58:38.029804800,7,3,EX7 0JQ,EX7   0JQ,1,Order Received,2022-12-02 11:11:33.643695600,,
BRU00011077,Toothbrush 2000,2022-12-01 16:35:33.096085600,72,6,BL7 9RS,BL7   9RS,1,Order Confirmed,2022-12-01 17:38:30.012152800,,
BRU00011561,Toothbrush 2000,2022-12-01 16:08:01.270623600,59,6,CM6 1SH,CM6   1SH,1,Order Received,2022-12-01 16:20:06.445411200,,
BRU00011658,Toothbrush 4000,2022-12-01 13:55:04.888403600,34,4,IP23 8BF,IP23   8BF,1,Order Received,2022-12-01 14:07:15.101006000,,
BRU00010960,Toothbrush 2000,2022-12-01 17:03:49.804237200,85,1,BS35 1RJ,BS35   1RJ,1,Order Received,2022-12-01 17:15:21.195436800,,
BRU00011447,Toothbrush 2000,2022-12-01 22:50:45.158263600,76,7,GU8 5UN,GU8   5UN,1,Order Received,2022-12-01 23:02:13.772743600,,
BRU00010931,Toothbrush 4000,2022-12-02 09:03:27.156683200,29,6,BR1 9SW,BR1   9SW,1,Order Confirmed,2022-12-02 10:12:21.645079599,,
BRU00010991,Toothbrush 4000,2022-12-01 18:11:34.296743200,38,4,CT5 2SL,CT5   2SL,1,Order Received,2022-12-01 18:22:32.259178000,,
BRU00011036,Toothbrush 4000,2022-12-02 15:46:54.393033200,23,2,DN32 8BH,DN32   8BH,1,Order Confirmed,2022-12-02 17:17:33.285392000,,
BRU00010949,Toothbrush 2000,2022-12-02 01:36:07.886267200,77,1,E15 1AH,E15   1AH,1,Order Confirmed,2022-12-02 02:45:22.805041600,,
BRU00010968,Toothbrush 2000,2022-12-02 10:02:31.007048400,64,9,B60 4NE,B60   4NE,1,Order Received,2022-12-02 10:13:29.557989600,,
BRU00011162,Toothbrush 2000,2022-12-01 14:52:44.981699200,58,3,DL10 4GE,DL10   4GE,1,Order Confirmed,2022-12-01 15:56:38.486825200,,
BRU00011548,Toothbrush 2000,2022-12-01 16:15:21.394228800,69,9,HX3 5FA,HX3   5FA,1,Order Confirmed,2022-12-01 17:44:16.412932800,,
BRU00011684,Toothbrush 4000,2022-12-02 04:18:37.699983200,34,2,HG3 1DX,HG3   1DX,1,Order Confirmed,2022-12-02 05:19:38.827810400,,
BRU00011080,Toothbrush 4000,2022-12-02 12:26:22.025881600,7,3,EX12 2SJ,EX12   2SJ,1,Order Confirmed,2022-12-02 13:35:07.909360000,,
BRU00011201,Toothbrush 2000,2022-12-01 09:16:31.099204000,84,3,AL8 7BP,AL8   7BP,1,Order Confirmed,2022-12-01 10:29:04.559566000,,
BRU00011030,Toothbrush 2000,2022-12-01 10:41:50.112832000,77,7,DN21 1FW,DN21   1FW,1,Order Received,2022-12-01 10:54:17.356649200,,
BRU00010922,Toothbrush 2000,2022-12-01 19:30:05.474871200,74,3,DE55 7QA,DE55   7QA,1,Order Received,2022-12-01 19:42:18.231899600,,
BRU00011001,Toothbrush 2000,2022-12-01 18:51:13.013541199,86,3,DL15 9LA,DL15   9LA,1,Order Confirmed,2022-12-01 19:43:37.443934399,,
BRU00011308,Toothbrush 2000,2022-12-01 20:46:19.888560800,75,9,GL2 7JR,GL2   7JR,1,Order Received,2022-12-01 20:59:41.129156000,,
BRU00011078,Toothbrush 4000,2022-12-01 20:46:36.962423600,20,6,B71 2AR,B71   2AR,1,Order Confirmed,2022-12-01 21:41:06.978320000,,
BRU00011075,Toothbrush 2000,2022-12-02 02:43:06.094449600,84,2,E7 8PW,E7   8PW,1,Order Received,2022-12-02 02:55:07.209052800,,
BRU00011740,Toothbrush 4000,2022-12-02 12:12:28.238853600,18,4,BA8 0EN,BA8   0EN,1,Order Received,2022-12-02 12:25:05.997835200,,
BRU00011207,Toothbrush 2000,2022-12-02 14:19:20.326688400,93,7,BN25 2JJ,BN25   2JJ,1,Order Confirmed,2022-12-02 15:37:49.535713200,,
BRU00011643,Toothbrush 2000,2022-12-02 01:25:26.868458000,81,2,G20 7RW,G20   7RW,1,Order Received,2022-12-02 01:39:11.993091200,,
BRU00011072,Toothbrush 2000,2022-12-01 20:15:50.170644400,63,1,HX4 9ET,HX4   9ET,1,Order Confirmed,2022-12-01 21:13:18.393344800,,
BRU00011580,Toothbrush 2000,2022-12-02 00:16:47.161703600,83,3,BH1 2DE,BH1   2DE,1,Order Confirmed,2022-12-02 01:28:57.962391200,,
BRU00011678,Toothbrush 2000,2022-12-02 00:43:15.254175200,60,3,CW11 4QG,CW11   4QG,1,Order Received,2022-12-02 00:55:37.118451200,,
BRU00010824,Toothbrush 4000,2022-12-01 23:21:43.084759600,2,1,CT7 9EE,CT7   9EE,1,Order Confirmed,2022-12-02 00:26:22.415390800,,
BRU00011403,Toothbrush 2000,2022-12-01 09:56:04.426989200,68,2,B43 7UT,B43   7UT,1,Order Confirmed,2022-12-01 10:54:23.902587200,,
BRU00011276,Toothbrush 4000,2022-12-01 20:22:16.751524800,15,2,B68 9RE,B68   9RE,1,Order Received,2022-12-01 20:34:33.678642000,,
BRU00011104,Toothbrush 2000,2022-12-02 00:16:31.950588400,86,6,DN21 2TT,DN21   2TT,1,Order Received,2022-12-02 00:29:43.652339200,,
BRU00010861,Toothbrush 2000,2022-12-02 05:04:56.502806800,87,1,CF31 2DG,CF31   2DG,1,Order Confirmed,2022-12-02 06:00:19.829998000,,
BRU00011547,Toothbrush 2000,2022-12-01 23:17:38.520210000,83,8,HD6 3AW,HD6   3AW,1,Order Confirmed,2022-12-02 00:27:43.811898000,,
BRU00010902,Toothbrush 2000,2022-12-01 21:49:19.940135600,85,6,BH12 3BA,BH12   3BA,1,Order Received,2022-12-01 22:00:22.153623200,,
BRU00011769,Toothbrush 4000,2022-12-02 04:00:53.504667600,21,5,IP19 0ER,IP19   0ER,1,Order Received,2022-12-02 04:14:11.291649600,,
BRU00011054,Toothbrush 2000,2022-12-01 16:02:21.179540000,40,3,BL78 1BF,BL78   1BF,1,Order Received,2022-12-01 16:14:32.469129200,,
BRU00011081,Toothbrush 4000,2022-12-01 10:45:40.172105200,26,3,E14 3DT,E14   3DT,1,Order Confirmed,2022-12-01 11:52:11.595947200,,
BRU00011062,Toothbrush 4000,2022-12-02 08:44:01.197158000,26,8,EN2 8PN,EN2   8PN,1,Order Confirmed,2022-12-02 10:01:53.166353599,,
BRU00010928,Toothbrush 4000,2022-12-01 20:14:51.198351200,28,6,HX4 9PX,HX4   9PX,1,Order Confirmed,2022-12-01 21:39:16.423594400,,
BRU00011130,Toothbrush 4000,2022-12-02 05:12:28.224661199,17,6,CH46 8SR,CH46   8SR,1,Order Confirmed,2022-12-02 05:54:29.371815599,,
BRU00011765,Toothbrush 2000,2022-12-01 15:20:17.403217600,69,6,HU12 9HN,HU12   9HN,1,Order Confirmed,2022-12-01 16:32:09.735786400,,
BRU00010983,Toothbrush 4000,2022-12-01 16:58:20.685306000,34,5,E17 3BL,E17   3BL,1,Order Confirmed,2022-12-01 18:15:06.146571600,,
BRU00010986,Toothbrush 4000,2022-12-02 17:02:52.624974800,23,4,G81 6DS,G81   6DS,1,Order Confirmed,2022-12-02 17:56:01.873438400,,
BRU00010938,Toothbrush 2000,2022-12-01 16:06:07.855771600,72,7,BS10 6HH,BS10   6HH,1,Order Confirmed,2022-12-01 17:17:59.158027600,,
BRU00010919,Toothbrush 2000,2022-12-01 15:29:54.577847600,64,4,HU7 4DX,HU7   4DX,1,Order Confirmed,2022-12-01 16:43:20.469801200,,
BRU00010923,Toothbrush 2000,2022-12-01 12:00:54.696907999,56,8,EX4 7AQ,EX4   7AQ,1,Order Confirmed,2022-12-01 13:18:31.433650398,,
BRU00011407,Toothbrush 2000,2022-12-01 22:11:33.136008800,75,6,EH7 6PU,EH7   6PU,1,Order Received,2022-12-01 22:23:35.557340000,,
BRU00011504,Toothbrush 2000,2022-12-02 05:43:26.436491600,70,5,CV4 8GZ,CV4   8GZ,1,Order Received,2022-12-02 05:54:48.547758800,,
BRU00011516,Toothbrush 2000,2022-12-01 15:43:23.406831200,80,9,B71 2LW,B71   2LW,1,Order Confirmed,2022-12-01 16:48:18.782586800,,
BRU00011143,Toothbrush 2000,2022-12-02 05:26:10.951269200,70,4,DL8 5FA,DL8   5FA,1,Order Received,2022-12-02 05:38:27.829566800,,
BRU00011579,Toothbrush 2000,2022-12-02 09:36:14.907748400,76,4,B23 7TA,B23   7TA,1,Order Confirmed,2022-12-02 10:52:19.039001600,,
BRU00011350,Toothbrush 4000,2022-12-02 16:34:33.918346000,36,3,E14 8SW,E14   8SW,1,Order Confirmed,2022-12-02 17:40:29.168686000,,
BRU00010847,Toothbrush 2000,2022-12-01 17:42:02.706286400,82,5,BA14 6LE,BA14   6LE,1,Order Confirmed,2022-12-01 18:20:27.343036400,,
BRU00011733,Toothbrush 4000,2022-12-01 22:20:08.769471200,25,8,CM9 8AF,CM9   8AF,1,Order Received,2022-12-01 22:31:49.112898800,,
BRU00011136,Toothbrush 4000,2022-12-02 01:14:10.546930399,27,3,BN2 0FP,BN2   0FP,1,Order Received,2022-12-02 01:25:12.754924399,,
BRU00010811,Toothbrush 4000,2022-12-02 07:36:22.153632000,23,6,EN5 5JN,EN5   5JN,1,Order Received,2022-12-02 07:48:17.244330000,,
BRU00011084,Toothbrush 4000,2022-12-02 15:02:20.701082800,46,6,EH10 4QQ,EH10   4QQ,1,Order Received,2022-12-02 15:13:28.646008000,,
BRU00010855,Toothbrush 2000,2022-12-02 08:21:10.605545200,71,6,DH7 0SF,DH7   0SF,1,Order Received,2022-12-02 08:33:59.882309200,,
BRU00011311,Toothbrush 4000,2022-12-02 12:41:33.029950400,14,8,G53 7TE,G53   7TE,1,Order Received,2022-12-02 12:54:11.601779600,,
BRU00011129,Toothbrush 2000,2022-12-02 12:10:59.748745200,70,6,DH4 7DU,DH4   7DU,1,Order Confirmed,2022-12-02 13:21:15.531196800,,
BRU00011042,Toothbrush 2000,2022-12-01 14:48:06.671959200,90,1,HP20 9PB,HP20   9PB,1,Order Confirmed,2022-12-01 16:01:01.570580400,,
BRU00010979,Toothbrush 4000,2022-12-02 06:07:35.923823200,0,3,AL10 0EJ,AL10   0EJ,1,Order Received,2022-12-02 06:20:11.273674000,,
BRU00011724,Toothbrush 2000,2022-12-01 13:54:10.397858400,59,9,HU4 7DL,HU4   7DL,1,Order Confirmed,2022-12-01 14:47:39.723000000,,
BRU00010976,Toothbrush 4000,2022-12-02 01:02:47.186228000,25,7,GU22 0AS,GU22   0AS,1,Order Confirmed,2022-12-02 02:14:35.353445600,,
BRU00010998,Toothbrush 4000,2022-12-02 22:46:44.170689200,17,5,G15 7QT,G15   7QT,1,Order Confirmed,2022-12-02 23:55:14.132264000,,
BRU00011349,Toothbrush 2000,2022-12-01 23:34:28.624125200,79,1,CT15 7AD,CT15   7AD,1,Order Received,2022-12-01 23:46:12.733386800,,
BRU00011537,Toothbrush 4000,2022-12-01 23:21:45.391013200,18,8,BD9 5PP,BD9   5PP,1,Order Received,2022-12-01 23:33:23.327149600,,
BRU00011465,Toothbrush 4000,2022-12-02 06:59:31.082654400,22,6,CT20 3RW,CT20   3RW,1,Order Received,2022-12-02 07:10:02.471865600,,
BRU00011354,Toothbrush 2000,2022-12-01 14:56:34.950494800,70,3,DT4 9JA,DT4   9JA,1,Order Received,2022-12-01 15:09:18.171907600,,
BRU00010879,Toothbrush 2000,2022-12-02 00:18:27.021312000,62,2,CH64 6AA,CH64   6AA,1,Order Confirmed,2022-12-02 01:10:50.557976400,,
BRU00011176,Toothbrush 4000,2022-12-02 06:57:54.151785600,25,4,HA6 2WG,HA6   2WG,1,Order Received,2022-12-02 07:10:58.068158400,,
BRU00011331,Toothbrush 2000,2022-12-02 05:52:12.750206800,72,7,GU12 6BY,GU12   6BY,1,Order Confirmed,2022-12-02 06:48:19.289540800,,
BRU00010817,Toothbrush 4000,2022-12-01 21:10:38.711998000,26,8,BR1 2HN,BR1   2HN,1,Order Received,2022-12-01 21:22:52.578193600,,
BRU00010862,Toothbrush 2000,2022-12-02 07:48:12.501814000,61,4,DD8 4EX,DD8   4EX,1,Order Confirmed,2022-12-02 08:53:10.126774000,,
BRU00011578,Toothbrush 4000,2022-12-02 05:09:49.877268000,14,4,EX32 0SZ,EX32   0SZ,1,Order Confirmed,2022-12-02 06:22:24.771862800,,
BRU00010951,Toothbrush 2000,2022-12-01 14:46:02.336716400,77,4,HP12 4UH,HP12   4UH,1,Order Confirmed,2022-12-01 15:55:23.682207200,,
BRU00011102,Toothbrush 4000,2022-12-02 04:27:32.510116000,11,9,BN1 6RF,BN1   6RF,1,Order Received,2022-12-02 04:39:14.569688800,,
BRU00011205,Toothbrush 2000,2022-12-01 18:53:34.425649600,61,8,GL2 2EU,GL2   2EU,1,Order Confirmed,2022-12-01 19:51:21.173942800,,
BRU00011614,Toothbrush 2000,2022-12-02 04:55:39.761854400,67,8,BD23 3FD,BD23   3FD,1,Order Received,2022-12-02 05:07:52.411217600,,
BRU00011621,Toothbrush 4000,2022-12-02 01:38:05.153851600,25,4,IP11 9JQ,IP11   9JQ,1,Order Confirmed,2022-12-02 02:17:29.771904400,,
BRU00011623,Toothbrush 4000,2022-12-02 14:31:50.920359200,29,3,CM8 1JR,CM8   1JR,1,Order Received,2022-12-02 14:42:54.918917600,,
BRU00011089,Toothbrush 2000,2022-12-01 14:49:43.613949600,69,2,GU51 2UE,GU51   2UE,1,Order Received,2022-12-01 15:00:55.091248800,,
BRU00011055,Toothbrush 2000,2022-12-01 20:14:07.011643600,71,3,HG2 8AE,HG2   8AE,1,Order Confirmed,2022-12-01 21:27:38.288167600,,
BRU00011463,Toothbrush 4000,2022-12-02 06:24:50.749624400,40,5,BL9 0NP,BL9   0NP,1,Order Received,2022-12-02 06:36:35.175484400,,
BRU00011252,Toothbrush 2000,2022-12-02 00:34:00.676816400,94,6,GU20 6JE,GU20   6JE,1,Order Received,2022-12-02 00:46:36.281338400,,
BRU00011496,Toothbrush 4000,2022-12-02 08:10:42.544318000,22,2,EN7 5QN,EN7   5QN,1,Order Confirmed,2022-12-02 09:21:59.123472400,,
BRU00011279,Toothbrush 2000,2022-12-01 16:55:22.608994800,82,7,BB12 7QT,BB12   7QT,1,Order Received,2022-12-01 17:07:35.951224800,,
BRU00011064,Toothbrush 2000,2022-12-01 20:11:21.350726400,85,7,GU51 2RU,GU51   2RU,1,Order Confirmed,2022-12-01 21:02:28.437967200,,
BRU00011144,Toothbrush 4000,2022-12-02 05:05:48.445159599,21,8,CH7 6GJ,CH7   6GJ,1,Order Received,2022-12-02 05:18:14.773712799,,
BRU00011244,Toothbrush 2000,2022-12-02 10:28:29.722475200,64,4,E1W 2JW,E1W   2JW,1,Order Received,2022-12-02 10:40:20.879856400,,
BRU00011380,Toothbrush 4000,2022-12-01 13:11:30.790873600,23,9,BB9 7BY,BB9   7BY,1,Order Received,2022-12-01 13:23:01.837916800,,
BRU00011053,Toothbrush 2000,2022-12-02 04:27:04.523432799,60,9,DN12 1DY,DN12   1DY,1,Order Confirmed,2022-12-02 05:13:00.941005599,,
BRU00011442,Toothbrush 4000,2022-12-02 11:56:36.527037200,28,4,E3 3TS,E3   3TS,1,Order Received,2022-12-02 12:08:43.926934400,,
BRU00011478,Toothbrush 4000,2022-12-02 10:49:02.533111999,25,6,BN11 2NW,BN11   2NW,1,Order Confirmed,2022-12-02 11:48:40.357565599,,
BRU00010844,Toothbrush 2000,2022-12-02 07:52:32.968542800,75,3,GL56 0PT,GL56   0PT,1,Order Confirmed,2022-12-02 09:07:04.481714000,,
BRU00010838,Toothbrush 4000,2022-12-02 03:34:01.667482800,31,7,BS21 6YQ,BS21   6YQ,1,Order Received,2022-12-02 03:45:49.233604800,,
BRU00011416,Toothbrush 4000,2022-12-02 00:33:39.734610000,14,7,AB43 6JA,AB43   6JA,1,Order Received,2022-12-02 00:46:05.586314400,,
BRU00011721,Toothbrush 2000,2022-12-02 04:25:52.930622800,68,6,FY6 0EG,FY6   0EG,1,Order Received,2022-12-02 04:38:23.350399600,,
BRU00010860,Toothbrush 2000,2022-12-01 18:08:45.088128000,59,4,G66 2BP,G66   2BP,1,Order Confirmed,2022-12-01 19:33:54.360303600,,
BRU00011092,Toothbrush 2000,2022-12-02 04:25:12.428717600,58,9,DL7 8PY,DL7   8PY,1,Order Confirmed,2022-12-02 05:27:49.100955200,,
BRU00011421,Toothbrush 4000,2022-12-01 20:28:45.305738400,19,5,B90 3NU,B90   3NU,1,Order Confirmed,2022-12-01 21:12:13.361083200,,
BRU00011070,Toothbrush 2000,2022-12-02 04:09:37.954667600,55,5,B1 3AG,B1   3AG,1,Order Confirmed,2022-12-02 05:13:43.267728800,,
BRU00011182,Toothbrush 4000,2022-12-02 08:35:15.971458400,24,2,GY6 8TY,GY6   8TY,1,Order Confirmed,2022-12-02 09:14:31.863568400,,
BRU00011597,Toothbrush 4000,2022-12-01 19:13:47.561816400,22,2,GL51 3XG,GL51   3XG,1,Order Confirmed,2022-12-01 20:16:42.952524000,,
BRU00011616,Toothbrush 2000,2022-12-01 20:42:04.338399600,82,1,DE21 7RS,DE21   7RS,1,Order Received,2022-12-01 20:54:04.177119600,,
BRU00011386,Toothbrush 4000,2022-12-02 01:29:52.725764400,11,7,DL12 0PG,DL12   0PG,1,Order Received,2022-12-02 01:41:18.616041600,,
BRU00011701,Toothbrush 4000,2022-12-02 08:05:41.791271600,26,4,DH6 5NP,DH6   5NP,1,Order Confirmed,2022-12-02 09:02:44.294535200,,
BRU00011743,Toothbrush 2000,2022-12-01 23:57:00.513474000,77,8,HR6 0RL,HR6   0RL,1,Order Confirmed,2022-12-02 01:18:03.774206400,,
BRU00011071,Toothbrush 2000,2022-12-01 15:27:14.548051200,81,4,DY6 7FP,DY6   7FP,1,Order Received,2022-12-01 15:39:56.706092400,,
BRU00011777,Toothbrush 2000,2022-12-02 05:51:04.241501600,84,9,EH15 3BB,EH15   3BB,1,Order Received,2022-12-02 06:02:12.381143600,,
BRU00010944,Toothbrush 2000,2022-12-02 10:31:58.083147200,95,5,CB10 9SL,CB10   9SL,1,Order Received,2022-12-02 10:43:04.248632000,,
BRU00011107,Toothbrush 4000,2022-12-02 19:20:45.809257200,13,7,B23 6SS,B23   6SS,1,Order Confirmed,2022-12-02 20:26:39.615748800,,
BRU00011524,Toothbrush 4000,2022-12-02 22:07:09.152081200,35,5,CT13 0JR,CT13   0JR,1,Order Confirmed,2022-12-02 22:57:24.741242800,,
BRU00011499,Toothbrush 2000,2022-12-02 00:46:37.037742400,75,2,CO15 3PQ,CO15   3PQ,1,Order Received,2022-12-02 00:58:53.780885200,,
BRU00011181,Toothbrush 2000,2022-12-02 08:14:52.850756000,55,2,CB1 0JB,CB1   0JB,1,Order Confirmed,2022-12-02 09:32:32.451910400,,
BRU00011050,Toothbrush 4000,2022-12-01 16:50:35.254476000,14,7,AB56 5UN,AB56   5UN,1,Order Received,2022-12-01 17:03:17.843797200,,
BRU00011109,Toothbrush 4000,2022-12-02 13:13:38.474434000,33,9,GL7 1AX,GL7   1AX,1,Order Received,2022-12-02 13:25:17.476375600,,
BRU00011259,Toothbrush 4000,2022-12-02 13:10:38.199070800,17,7,CB4 3DN,CB4   3DN,1,Order Received,2022-12-02 13:22:04.573180800,,
BRU00011413,Toothbrush 4000,2022-12-02 08:45:33.103910400,25,3,HA1 3TL,HA1   3TL,1,Order Received,2022-12-02 08:57:59.706218400,,
BRU00011654,Toothbrush 2000,2022-12-01 23:54:02.328808399,71,8,G82 3HA,G82   3HA,1,Order Confirmed,2022-12-02 01:14:41.553323599,,
BRU00011255,Toothbrush 2000,2022-12-01 12:34:05.769553600,98,9,BN45 7FJ,BN45   7FJ,1,Order Confirmed,2022-12-01 13:47:04.573804000,,
BRU00011234,Toothbrush 4000,2022-12-01 23:30:33.975614400,21,9,AB43 6SZ,AB43   6SZ,1,Order Confirmed,2022-12-02 00:51:41.987104800,,
BRU00010867,Toothbrush 2000,2022-12-02 03:04:04.652989600,79,2,G66 4RL,G66   4RL,1,Order Received,2022-12-02 03:15:54.469993600,,
BRU00010930,Toothbrush 2000,2022-12-01 21:33:14.590288400,73,3,CF37 2DH,CF37   2DH,1,Order Confirmed,2022-12-01 22:51:39.221438000,,
BRU00011657,Toothbrush 4000,2022-12-02 06:32:38.172010000,38,2,IP22 1DR,IP22   1DR,1,Order Received,2022-12-02 06:44:56.966749600,,
BRU00010840,Toothbrush 4000,2022-12-02 05:45:08.070470000,39,2,HR6 8BN,HR6   8BN,1,Order Confirmed,2022-12-02 06:49:38.934203600,,
BRU00010897,Toothbrush 2000,2022-12-01 16:11:36.619243600,66,1,G42 2HW,G42   2HW,1,Order Confirmed,2022-12-01 17:19:49.180081600,,
BRU00010899,Toothbrush 4000,2022-12-01 23:52:18.125523600,20,3,EX16 9FJ,EX16   9FJ,1,Order Confirmed,2022-12-02 01:01:48.992571600,,
BRU00010822,Toothbrush 4000,2022-12-02 13:44:48.405476000,34,8,CM20 2AD,CM20   2AD,1,Order Received,2022-12-02 13:58:10.653275600,,
BRU00010857,Toothbrush 4000,2022-12-02 09:18:11.447960000,45,8,B14 5PH,B14   5PH,1,Order Received,2022-12-02 09:30:26.770632800,,
BRU00011110,Toothbrush 4000,2022-12-02 09:42:47.100132000,29,2,G41 4PG,G41   4PG,1,Order Confirmed,2022-12-02 10:48:47.722888800,,
BRU00011117,Toothbrush 2000,2022-12-01 23:59:28.471217600,73,9,BN23 6BX,BN23   6BX,1,Order Received,2022-12-02 00:10:57.001310000,,
BRU00010823,Toothbrush 2000,2022-12-01 23:59:12.764649200,66,8,BB3 1JX,BB3   1JX,1,Order Confirmed,2022-12-02 01:07:14.241216800,,
BRU00011222,Toothbrush 4000,2022-12-02 12:41:02.349205600,27,4,HU13 9DF,HU13   9DF,1,Order Received,2022-12-02 12:51:27.794442400,,
BRU00011275,Toothbrush 4000,2022-12-02 06:36:53.063164800,23,3,CM8 3FR,CM8   3FR,1,Order Confirmed,2022-12-02 07:34:57.092131200,,
BRU00011628,Toothbrush 2000,2022-12-01 10:24:41.140309600,87,1,HP17 8AB,HP17   8AB,1,Order Confirmed,2022-12-01 11:41:47.695371999,,
BRU00010947,Toothbrush 4000,2022-12-02 03:02:31.965683200,39,6,EH54 6NA,EH54   6NA,1,Order Received,2022-12-02 03:14:54.670868800,,
BRU00011458,Toothbrush 4000,2022-12-02 06:55:21.194233200,21,7,CM14 5NL,CM14   5NL,1,Order Received,2022-12-02 07:07:46.736456400,,
BRU00011093,Toothbrush 4000,2022-12-02 20:17:06.878115200,26,4,E2 8FT,E2   8FT,1,Order Received,2022-12-02 20:27:43.874258000,,
BRU00010907,Toothbrush 2000,2022-12-01 11:56:00.351333600,77,1,BR5 2LY,BR5   2LY,1,Order Received,2022-12-01 12:07:55.293744000,,
